received_at,sequence,millis,gain,integration_time,pwm_percent,pwm_raw,page,415,445,480,515,555,590,630,680,nir,clear
2026-09-15T00:06:49.308111+00:00,4,2839,128x,300ms,25,64,0,0,0,1,2,4,6,3,0,0,16
2026-09-15T00:06:50.018490+00:00,5,3555,128x,300ms,25,64,0,0,0,1,3,4,7,3,0,0,17
2026-09-15T00:06:51.459133+00:00,6,4306,128x,300ms,25,64,1,0,1,2,3,5,8,4,1,0,17
2026-09-15T00:06:52.179477+00:00,7,5023,128x,300ms,25,64,1,1,3,6,8,16,24,13,5,0,63
2026-09-15T00:06:52.891155+00:00,8,5742,128x,300ms,25,64,1,2,7,11,15,20,37,21,9,1,77
2026-09-15T00:06:53.611972+00:00,9,6460,128x,300ms,25,64,1,2,7,13,41,18,24,14,6,0,63
2026-09-15T00:06:54.319150+00:00,10,7178,128x,300ms,25,64,1,0,1,2,6,5,7,3,1,0,19
2026-09-15T00:06:55.038928+00:00,11,7895,128x,300ms,25,64,0,0,0,1,3,4,5,2,0,0,14
2026-09-15T00:06:55.759257+00:00,12,8611,128x,300ms,25,64,0,0,0,0,3,3,4,2,0,0,14
2026-09-15T00:06:56.469736+00:00,13,9328,128x,300ms,25,64,0,0,0,0,3,3,4,2,0,0,13
2026-09-15T00:06:57.186232+00:00,14,10045,128x,300ms,25,64,0,0,0,0,3,3,4,2,0,0,13
2026-09-15T00:06:57.905838+00:00,15,10762,128x,300ms,25,64,0,0,0,0,3,3,4,2,0,0,12
2026-09-15T00:06:57.937675+00:00,16,11479,128x,300ms,25,64,1,0,0,0,3,3,4,2,0,0,12
2026-09-15T00:06:58.658359+00:00,17,12196,128x,300ms,25,64,1,0,0,0,3,3,4,2,0,0,12
2026-09-15T00:07:00.091614+00:00,18,12949,256x,300ms,25,64,1,0,0,1,5,6,7,4,0,0,25
2026-09-15T00:07:00.810522+00:00,19,13666,256x,300ms,25,64,1,0,0,1,5,5,7,4,0,0,24
2026-09-15T00:07:01.530529+00:00,20,14384,256x,300ms,25,64,1,0,0,1,6,6,7,4,0,0,24
2026-09-15T00:07:02.243392+00:00,21,15101,256x,300ms,25,64,0,0,0,0,5,3,5,3,0,0,18
2026-09-15T00:07:02.963213+00:00,22,15818,256x,300ms,25,64,0,0,0,1,1,5,9,5,0,0,23
2026-09-15T00:07:03.674893+00:00,23,16535,256x,300ms,25,64,0,0,0,1,2,6,9,5,0,0,25
2026-09-15T00:07:04.393826+00:00,24,17252,256x,300ms,25,64,0,0,0,1,2,5,9,4,0,0,23
2026-09-15T00:07:05.114211+00:00,25,17969,256x,300ms,25,64,0,0,0,3,10,25,42,23,7,0,87
2026-09-15T00:07:05.834718+00:00,26,18686,256x,300ms,25,64,1,1,7,13,19,24,35,25,8,0,66
2026-09-15T00:07:06.563366+00:00,27,19405,256x,300ms,25,64,1,0,1,5,8,14,26,20,7,0,48
2026-09-15T00:07:07.290454+00:00,28,20124,256x,300ms,25,64,1,3,8,15,21,1782,1539,1776,608,490,5120
2026-09-15T00:07:08.009972+00:00,29,20848,256x,300ms,25,64,1,218,534,720,782,1782,1456,1617,608,642,5892
2026-09-15T00:07:08.730537+00:00,30,21573,256x,300ms,25,64,1,265,671,874,966,2530,2103,2283,822,1062,9313
2026-09-15T00:07:08.771357+00:00,31,22299,256x,300ms,25,64,0,250,634,830,885,6751,2245,7200,973,3488,29115
2026-09-15T00:07:09.490851+00:00,32,23023,256x,300ms,25,64,0,407,1102,1836,1724,6130,2207,7213,888,3000,25618
2026-09-15T00:07:10.907240+00:00,33,23748,256x,300ms,25,64,0,264,705,1130,1083,3362,1874,4261,707,1736,15863
2026-09-15T00:07:11.634772+00:00,34,24473,256x,300ms,25,64,0,221,563,845,841,3247,1438,3555,595,2674,19731
2026-09-15T00:07:12.354695+00:00,35,25197,256x,300ms,25,64,0,231,664,780,952,2320,1832,2131,661,336,3779
2026-09-15T00:07:12.393653+00:00,36,25921,256x,300ms,25,64,1,218,567,716,812,7842,1858,8472,920,3520,29096
2026-09-15T00:07:13.122567+00:00,37,26647,256x,300ms,25,64,1,490,1503,2336,2539,5730,2020,7516,778,3284,25690
2026-09-15T00:07:13.842634+00:00,38,27374,256x,300ms,25,64,1,279,760,1365,1252,9057,1990,10040,934,3890,32171
2026-09-15T00:07:15.258486+00:00,39,28100,256x,300ms,25,64,1,697,2478,3044,3432,9398,2516,10024,1146,3764,32919
2026-09-15T00:07:15.986753+00:00,40,28827,256x,300ms,25,64,1,237,604,809,862,2258,1650,2136,657,1148,10896
2026-09-15T00:07:16.708139+00:00,41,29553,256x,300ms,25,64,0,242,607,820,860,3902,1997,3269,776,3872,25616
2026-09-15T00:07:17.426569+00:00,42,30277,256x,300ms,25,64,0,210,501,670,734,1742,1285,1628,508,300,2942
2026-09-15T00:07:18.154756+00:00,43,31001,256x,300ms,25,64,0,255,718,883,1011,3911,3342,3063,987,324,4814
2026-09-15T00:07:18.881784+00:00,44,31725,256x,300ms,25,64,0,228,674,809,913,1400,1058,1160,344,174,2552
2026-09-15T00:07:19.601982+00:00,45,32449,256x,300ms,25,64,0,103,294,357,604,1208,971,1032,310,150,2207
2026-09-15T00:07:20.322580+00:00,46,33172,256x,300ms,25,64,1,122,346,420,642,1274,1053,1117,336,152,2215
2026-09-15T00:07:21.051546+00:00,47,33897,256x,300ms,25,64,1,129,360,438,656,1236,1003,1079,326,152,2164
2026-09-15T00:07:21.778624+00:00,48,34622,256x,300ms,25,64,1,123,329,393,626,1211,981,1065,318,142,2060
2026-09-15T00:07:22.499116+00:00,49,35346,256x,300ms,25,64,1,122,340,413,621,1227,1002,1088,322,140,2035
2026-09-15T00:07:23.218140+00:00,50,36071,256x,300ms,25,64,1,120,329,399,612,1192,962,1056,312,136,1969
2026-09-15T00:07:23.946684+00:00,51,36796,256x,300ms,25,64,0,119,325,393,606,1210,970,1067,317,138,1996
2026-09-15T00:07:24.667526+00:00,52,37519,256x,300ms,25,64,0,120,332,402,606,1129,913,1008,298,128,1847
2026-09-15T00:07:25.394856+00:00,53,38243,256x,300ms,25,64,0,114,312,378,580,1135,917,1013,299,128,1861
2026-09-15T00:07:26.115241+00:00,54,38966,256x,300ms,25,64,0,113,305,369,575,1133,916,1011,299,126,1858
2026-09-15T00:07:26.834498+00:00,55,39689,256x,300ms,25,64,0,115,308,372,575,1145,890,989,298,128,1839
2026-09-15T00:07:27.562599+00:00,56,40413,256x,300ms,25,64,1,115,312,367,574,1200,894,1001,309,132,1867
2026-09-15T00:07:28.283115+00:00,57,41137,256x,300ms,25,64,1,121,342,394,602,1353,976,1084,342,148,2001
2026-09-15T00:07:29.010338+00:00,58,41861,256x,300ms,25,64,1,132,385,444,652,1328,962,1069,336,144,1971
2026-09-15T00:07:29.730778+00:00,59,42585,256x,300ms,25,64,1,121,339,392,596,1259,917,1028,321,138,1897
2026-09-15T00:07:30.458739+00:00,60,43309,256x,300ms,25,64,1,121,340,393,598,1301,941,1055,330,138,1943
2026-09-15T00:07:31.178476+00:00,61,44034,256x,300ms,25,64,0,116,315,372,573,1138,903,1002,296,124,1806
2026-09-15T00:07:31.899588+00:00,62,44756,256x,300ms,25,64,0,110,303,364,568,1198,927,1042,303,126,1897
2026-09-15T00:07:32.626310+00:00,63,45479,256x,300ms,25,64,0,110,333,403,586,1178,900,989,295,122,1815
2026-09-15T00:07:33.347325+00:00,64,46203,256x,300ms,25,64,0,102,306,370,551,1270,999,1123,323,134,2014
2026-09-15T00:07:34.074981+00:00,65,46926,256x,300ms,25,64,0,126,354,427,637,1310,1041,1169,337,140,2081
2026-09-15T00:07:34.795031+00:00,66,47649,256x,300ms,25,64,1,131,368,443,655,1322,1052,1181,340,140,2103
2026-09-15T00:07:35.522436+00:00,67,48374,256x,300ms,25,64,1,130,363,437,648,1296,1031,1154,334,140,2066
2026-09-15T00:07:36.250954+00:00,68,49099,256x,300ms,25,64,1,127,357,433,639,1270,1007,1130,327,136,2022
2026-09-15T00:07:36.970536+00:00,69,49823,256x,300ms,25,64,1,126,353,427,635,1322,1077,1176,344,146,2143
2026-09-15T00:07:37.691632+00:00,70,50547,256x,300ms,25,64,1,127,355,429,635,1277,1030,1123,329,140,2068
2026-09-15T00:07:38.418585+00:00,71,51272,256x,300ms,25,64,0,121,343,427,613,1209,976,1063,312,134,1974
2026-09-15T00:07:39.138612+00:00,72,51996,256x,300ms,25,64,0,114,325,402,587,1151,904,964,292,124,1837
2026-09-15T00:07:39.858860+00:00,73,52719,256x,300ms,25,64,0,139,428,521,701,1505,1197,1262,377,160,2431
2026-09-15T00:07:40.587091+00:00,74,53442,256x,300ms,25,64,0,150,456,550,745,1584,1281,1367,401,174,2626
2026-09-15T00:07:41.306597+00:00,75,54166,256x,300ms,25,64,0,155,480,588,764,1584,1278,1365,401,174,2641
2026-09-15T00:07:42.035363+00:00,76,54890,256x,300ms,25,64,1,154,459,553,757,1608,1306,1396,406,174,2648
2026-09-15T00:07:42.755045+00:00,77,55615,256x,300ms,25,64,1,132,382,460,664,920,730,805,237,106,1566
2026-09-15T00:07:43.483411+00:00,78,56339,256x,300ms,25,64,1,108,299,361,562,1279,1029,1119,320,138,2094
2026-09-15T00:07:44.202814+00:00,79,57064,256x,300ms,25,64,1,141,409,493,697,1466,1186,1278,368,154,2357
2026-09-15T00:07:44.930640+00:00,80,57788,256x,300ms,25,64,1,149,435,525,737,1486,1207,1301,376,160,2403
2026-09-15T00:07:45.650251+00:00,81,58513,256x,300ms,25,64,0,149,425,514,722,1432,1111,1253,359,156,2323
2026-09-15T00:07:46.370465+00:00,82,59236,256x,300ms,25,64,0,148,440,501,672,1659,1276,1397,423,168,2348
2026-09-15T00:07:47.090883+00:00,83,59960,256x,300ms,25,64,0,151,431,506,569,896,687,765,232,76,1045
2026-09-15T00:07:47.818516+00:00,84,60683,256x,300ms,25,64,0,3,13,17,22,434,308,505,106,22,410
2026-09-15T00:07:48.538545+00:00,85,61403,256x,300ms,25,64,0,46,129,141,193,510,423,538,142,24,438
2026-09-15T00:07:49.266883+00:00,86,62125,256x,300ms,25,64,1,159,468,563,763,1797,1568,1563,477,200,2957
2026-09-15T00:07:49.987104+00:00,87,62849,256x,300ms,25,64,1,209,617,766,894,1994,1816,1744,544,240,3354
2026-09-15T00:07:50.714265+00:00,88,63574,256x,300ms,25,64,1,189,560,695,821,1635,1455,1439,448,186,2550
2026-09-15T00:07:51.434744+00:00,89,64299,256x,300ms,25,64,1,175,519,640,761,1690,1513,1490,464,196,2648
2026-09-15T00:07:52.162270+00:00,90,65022,256x,300ms,25,64,1,182,540,666,791,1791,1615,1575,491,206,2839
2026-09-15T00:07:52.883230+00:00,91,65747,256x,300ms,25,64,0,194,577,712,836,1892,1719,1659,516,212,2981
2026-09-15T00:07:53.610624+00:00,92,66470,256x,300ms,25,64,0,238,702,869,997,1997,1804,1748,543,228,3161
2026-09-15T00:07:54.330554+00:00,93,67194,256x,300ms,25,64,0,202,596,736,864,1973,1778,1728,537,226,3113
2026-09-15T00:07:55.058714+00:00,94,67918,256x,300ms,25,64,0,229,672,833,960,2164,1962,1882,585,248,3411
2026-09-15T00:07:55.779285+00:00,95,68642,256x,300ms,25,64,0,237,696,863,990,2211,2008,1920,599,252,3495
2026-09-15T00:07:56.499220+00:00,96,69366,256x,300ms,25,64,1,242,712,883,1010,2229,2027,1932,604,258,3529
2026-09-15T00:07:57.227301+00:00,97,70091,256x,300ms,25,64,1,247,723,896,1025,2254,2049,1953,611,258,3590
2026-09-15T00:07:57.955455+00:00,98,70816,256x,300ms,25,64,1,243,713,887,1016,2070,1933,1771,579,266,3555
2026-09-15T00:07:58.675117+00:00,99,71541,256x,300ms,25,64,1,241,701,869,1019,2064,1925,1869,577,236,3192
2026-09-15T00:07:58.714201+00:00,100,72265,256x,300ms,25,64,1,157,460,570,704,2971,2441,2484,760,224,3050
2026-09-15T00:07:59.442627+00:00,101,72991,256x,300ms,25,64,0,621,1866,2269,2408,5864,5011,4921,1514,580,8008
2026-09-15T00:08:00.162524+00:00,102,73716,256x,300ms,25,64,0,628,1886,2294,2437,5930,5066,4969,1532,594,8181
2026-09-15T00:08:00.891138+00:00,103,74442,256x,300ms,25,64,0,625,1880,2287,2430,5915,5047,4951,1524,588,8123
2026-09-15T00:08:01.617844+00:00,104,75168,256x,300ms,25,64,0,631,1898,2309,2453,5975,5099,4998,1540,602,8278
2026-09-15T00:08:02.338486+00:00,105,75893,256x,300ms,25,64,0,633,1903,2316,2459,5963,5088,4990,1538,616,8255
2026-09-15T00:08:03.067297+00:00,106,76619,256x,300ms,25,64,1,625,1876,2282,2422,4828,4148,4074,1277,697,6973
2026-09-15T00:08:04.474898+00:00,107,77345,256x,300ms,25,64,1,376,1089,1344,1469,2721,2379,2413,773,396,4719
2026-09-15T00:08:05.203070+00:00,108,78069,256x,300ms,25,64,1,236,682,848,980,2174,1904,2016,640,348,4048
2026-09-15T00:08:05.930437+00:00,109,78795,256x,300ms,25,64,1,232,670,831,967,2308,1965,2133,662,348,4026
2026-09-15T00:08:06.650817+00:00,110,79520,256x,300ms,25,64,1,233,674,835,969,2425,2064,2221,690,352,4103
2026-09-15T00:08:07.371516+00:00,111,80245,256x,300ms,25,64,0,242,702,867,1002,2416,2053,2216,687,354,4091
2026-09-15T00:08:08.098844+00:00,112,80970,256x,300ms,25,64,0,234,677,839,974,2353,2002,2167,673,350,4044
2026-09-15T00:08:08.826302+00:00,113,81693,256x,300ms,25,64,0,201,576,723,858,1953,1734,1841,593,344,3954
2026-09-15T00:08:09.547125+00:00,114,82417,256x,300ms,25,64,0,207,583,743,866,2106,1850,1925,619,396,4502
2026-09-15T00:08:10.275075+00:00,115,83141,256x,300ms,25,64,0,211,594,756,880,2134,1870,1942,624,398,4536
2026-09-15T00:08:10.993815+00:00,116,83865,256x,300ms,25,64,1,210,592,753,878,2126,1862,1933,621,398,4520
2026-09-15T00:08:11.722560+00:00,117,84590,256x,300ms,25,64,1,210,593,754,879,2121,1856,1929,620,400,4540
2026-09-15T00:08:12.442588+00:00,118,85315,256x,300ms,25,64,1,206,584,741,867,2056,1807,1901,611,362,4210
2026-09-15T00:08:13.170670+00:00,119,86040,256x,300ms,25,64,1,189,534,679,809,1878,1669,1771,568,336,3927
2026-09-15T00:08:13.891191+00:00,120,86764,256x,300ms,25,64,1,182,518,658,788,1878,1669,1771,568,334,3907
2026-09-15T00:08:14.617895+00:00,121,87489,256x,300ms,25,64,0,185,527,670,800,1976,1746,1850,593,340,3964
2026-09-15T00:08:14.649874+00:00,122,88213,256x,300ms,25,64,0,235,673,841,974,2670,2321,2378,761,396,4693
2026-09-15T00:08:15.379250+00:00,123,88937,256x,300ms,25,64,0,615,1842,2235,2381,5998,5124,5005,1542,594,8288
2026-09-15T00:08:16.105792+00:00,124,89662,256x,300ms,25,64,0,636,1917,2330,2482,6049,5158,5040,1554,610,8450
2026-09-15T00:08:16.827145+00:00,125,90388,256x,300ms,25,64,0,634,1912,2320,2472,5946,5078,4952,1523,576,8104
2026-09-15T00:08:17.554416+00:00,126,91113,256x,300ms,25,64,1,632,1905,2313,2462,5973,5098,4974,1530,584,8160
2026-09-15T00:08:18.275131+00:00,127,91839,256x,300ms,25,64,1,633,1907,2317,2465,5976,5101,4978,1531,586,8180
2026-09-15T00:08:19.002866+00:00,128,92565,256x,300ms,25,64,1,634,1909,2319,2469,5971,5097,4968,1529,582,8154
2026-09-15T00:08:19.730361+00:00,129,93291,256x,300ms,25,64,1,636,1917,2325,2478,5976,5100,4974,1530,584,8171
2026-09-15T00:08:20.458802+00:00,130,94017,256x,300ms,25,64,1,632,1902,2308,2459,5961,5097,4977,1534,590,8203
2026-09-15T00:08:21.187112+00:00,131,94743,256x,300ms,25,64,0,632,1906,2314,2464,5995,5117,4999,1541,596,8295
2026-09-15T00:08:21.906974+00:00,132,95468,256x,300ms,25,64,0,636,1915,2325,2477,6037,5152,5029,1552,608,8418
2026-09-15T00:08:22.634529+00:00,133,96194,256x,300ms,25,64,0,638,1921,2331,2487,6039,5157,5032,1552,604,8401
2026-09-15T00:08:23.354501+00:00,134,96919,256x,300ms,25,64,0,638,1918,2329,2484,5901,5029,4930,1517,590,8169
2026-09-15T00:08:24.082965+00:00,135,97645,256x,300ms,25,64,0,570,1713,2077,2225,5072,4301,4272,1314,516,7018
2026-09-15T00:08:24.810750+00:00,136,98370,256x,300ms,25,64,1,594,1800,2168,2336,5840,4947,4957,1517,588,8090
2026-09-15T00:08:25.530911+00:00,137,99096,256x,300ms,25,64,1,620,1885,2266,2446,5870,4973,4967,1519,588,8144
2026-09-15T00:08:26.258650+00:00,138,99821,256x,300ms,25,64,1,625,1900,2284,2464,5933,5039,5020,1537,594,8239
2026-09-15T00:08:26.986899+00:00,139,100548,256x,300ms,25,64,1,625,1902,2287,2467,5919,5023,5010,1534,592,8215
2026-09-15T00:08:27.714709+00:00,140,101274,256x,300ms,25,64,1,644,1960,2359,2542,6120,5205,5148,1580,618,8625
2026-09-15T00:08:28.434386+00:00,141,102000,256x,300ms,25,64,0,644,1958,2359,2538,6071,5165,5108,1569,610,8522
2026-09-15T00:08:29.162427+00:00,142,102726,256x,300ms,25,64,0,642,1953,2353,2533,6094,5186,5123,1575,620,8603
2026-09-15T00:08:29.883556+00:00,143,103452,256x,300ms,25,64,0,643,1947,2351,2529,6078,5171,5102,1568,614,8547
2026-09-15T00:08:30.611058+00:00,144,104177,256x,300ms,25,64,0,643,1953,2356,2534,6078,5180,5112,1571,610,8521
2026-09-15T00:08:31.338765+00:00,145,104903,256x,300ms,25,64,0,643,1951,2354,2531,6077,5175,5109,1570,610,8512
2026-09-15T00:08:32.059013+00:00,146,105629,256x,300ms,25,64,1,642,1951,2351,2530,6071,5175,5111,1569,610,8510
2026-09-15T00:08:32.787392+00:00,147,106354,256x,300ms,25,64,1,641,1949,2351,2526,6077,5177,5110,1570,610,8511
2026-09-15T00:08:33.515273+00:00,148,107080,256x,300ms,25,64,1,644,1957,2359,2539,6074,5180,5113,1572,616,8528
2026-09-15T00:08:34.234392+00:00,149,107805,256x,300ms,25,64,1,640,1943,2344,2513,6046,5154,5058,1565,616,8495
2026-09-15T00:08:34.962514+00:00,150,108532,256x,300ms,25,64,1,587,1772,2142,2299,5159,4374,4365,1347,550,7332
2026-09-15T00:08:35.690449+00:00,151,109258,256x,300ms,25,64,0,568,1712,2071,2225,5473,4643,4615,1422,574,7713
2026-09-15T00:08:36.419545+00:00,152,109983,256x,300ms,25,64,0,527,1587,1919,2073,4902,4162,4159,1288,534,7021
2026-09-15T00:08:37.138532+00:00,153,110708,256x,300ms,25,64,0,602,1820,2198,2357,6110,5207,5122,1580,620,8617
2026-09-15T00:08:37.865994+00:00,154,111434,256x,300ms,25,64,0,649,1973,2378,2557,6141,5233,5149,1586,624,8653
2026-09-15T00:08:38.594012+00:00,155,112159,256x,300ms,25,64,0,647,1960,2365,2536,6068,5170,5085,1571,616,8535
2026-09-15T00:08:39.313185+00:00,156,112885,256x,300ms,25,64,1,642,1944,2348,2516,5836,4976,4898,1517,596,8251
2026-09-15T00:08:40.040950+00:00,157,113611,256x,300ms,25,64,1,609,1841,2226,2385,5488,4644,4622,1426,568,7664
2026-09-15T00:08:40.768468+00:00,158,114337,256x,300ms,25,64,1,544,1635,1977,2133,4760,4031,4057,1252,512,6716
2026-09-15T00:08:41.496000+00:00,159,115062,256x,300ms,25,64,1,490,1472,1782,1933,4470,3807,3817,1184,494,6431
2026-09-15T00:08:42.216398+00:00,160,115788,256x,300ms,25,64,1,454,1360,1649,1798,4333,3688,3706,1150,484,6258
2026-09-15T00:08:42.943807+00:00,161,116514,256x,300ms,25,64,0,457,1366,1656,1807,4334,3688,3706,1150,484,6266
2026-09-15T00:08:43.664604+00:00,162,117239,256x,300ms,25,64,0,451,1354,1640,1790,4344,3696,3710,1153,484,6270
2026-09-15T00:08:44.392175+00:00,163,117965,256x,300ms,25,64,0,452,1354,1639,1791,4298,3654,3675,1141,480,6203
2026-09-15T00:08:45.113653+00:00,164,118690,256x,300ms,25,64,0,453,1357,1642,1792,4313,3664,3687,1145,482,6237
2026-09-15T00:08:45.841810+00:00,165,119415,256x,300ms,25,64,0,452,1353,1639,1789,4330,3678,3706,1148,486,6272
2026-09-15T00:08:46.569555+00:00,166,120140,256x,300ms,25,64,1,452,1353,1639,1790,4319,3668,3698,1144,486,6262
2026-09-15T00:08:47.289036+00:00,167,120866,256x,300ms,25,64,1,451,1351,1635,1786,4293,3646,3676,1140,484,6234
2026-09-15T00:08:48.018719+00:00,168,121592,256x,300ms,25,64,1,449,1345,1628,1779,4288,3644,3674,1138,484,6237
2026-09-15T00:08:48.744510+00:00,169,122318,256x,300ms,25,64,1,448,1345,1628,1780,4293,3649,3675,1140,484,6251
2026-09-15T00:08:49.471873+00:00,170,123047,256x,300ms,25,64,1,442,1323,1604,1757,4239,3603,3629,1125,480,6186
2026-09-15T00:08:50.201119+00:00,171,123773,256x,300ms,25,64,0,441,1323,1604,1756,4217,3589,3611,1121,478,6158
2026-09-15T00:08:50.920577+00:00,172,124498,256x,300ms,25,64,0,441,1320,1598,1752,4235,3599,3625,1125,478,6170
2026-09-15T00:08:51.642758+00:00,173,125223,256x,300ms,25,64,0,438,1313,1591,1744,4213,3582,3604,1119,476,6147
2026-09-15T00:08:52.371220+00:00,174,125948,256x,300ms,25,64,0,438,1309,1588,1738,4197,3569,3598,1116,478,6140
2026-09-15T00:08:53.131127+00:00,175,126709,256x,300ms,24,61,0,440,1317,1598,1749,4223,3591,3614,1122,480,6182
2026-09-15T00:08:53.898995+00:00,176,127470,256x,300ms,24,61,1,440,1322,1599,1752,4222,3589,3613,1121,480,6174
2026-09-15T00:08:54.651063+00:00,177,128230,256x,300ms,23,59,1,440,1319,1597,1749,4217,3587,3609,1120,478,6178
2026-09-15T00:08:55.418641+00:00,178,128992,256x,300ms,23,59,1,440,1318,1597,1748,4229,3595,3618,1122,480,6193
2026-09-15T00:08:56.179582+00:00,179,129753,256x,300ms,22,56,1,443,1325,1606,1759,4239,3606,3626,1125,482,6206
2026-09-15T00:08:56.907345+00:00,180,130483,256x,300ms,22,56,0,441,1321,1601,1752,4213,3582,3604,1119,480,6173
2026-09-15T00:08:57.634784+00:00,181,131212,256x,300ms,22,56,0,435,1302,1578,1729,4175,3549,3572,1109,474,6122
2026-09-15T00:08:58.363500+00:00,182,131941,256x,300ms,22,56,0,435,1304,1580,1732,4173,3551,3570,1110,476,6128
2026-09-15T00:08:59.091531+00:00,183,132670,256x,300ms,22,56,0,434,1300,1574,1725,4144,3527,3547,1103,476,6108
2026-09-15T00:08:59.819179+00:00,184,133399,256x,300ms,22,56,0,434,1300,1575,1727,4180,3561,3574,1111,478,6157
2026-09-15T00:09:00.546973+00:00,185,134128,256x,300ms,22,56,1,439,1317,1595,1747,4225,3597,3611,1122,480,6215
2026-09-15T00:09:01.274758+00:00,186,134857,256x,300ms,22,56,1,439,1319,1597,1749,4228,3597,3612,1123,482,6220
2026-09-15T00:09:02.034867+00:00,187,135618,256x,300ms,21,54,1,439,1318,1596,1748,4204,3577,3591,1116,478,6198
2026-09-15T00:09:02.771135+00:00,188,136348,256x,300ms,21,54,1,435,1305,1582,1733,4180,3560,3574,1112,480,6180
2026-09-15T00:09:03.490976+00:00,189,137074,256x,300ms,21,54,1,436,1306,1582,1734,4185,3561,3575,1112,480,6192
2026-09-15T00:09:04.219028+00:00,190,137799,256x,300ms,21,54,0,437,1311,1587,1738,4216,3588,3599,1119,482,6227
2026-09-15T00:09:04.978634+00:00,191,138560,256x,300ms,20,51,0,439,1318,1596,1746,4213,3584,3597,1118,482,6221
2026-09-15T00:09:05.738564+00:00,192,139320,256x,300ms,20,51,0,439,1317,1595,1746,4212,3585,3595,1118,480,6225
2026-09-15T00:09:06.458948+00:00,193,140045,256x,300ms,20,51,0,438,1316,1592,1744,4209,3584,3593,1118,482,6229
2026-09-15T00:09:07.186879+00:00,194,140770,256x,300ms,20,51,0,438,1315,1591,1743,4203,3579,3588,1116,482,6228
2026-09-15T00:09:07.946726+00:00,195,141531,256x,300ms,19,48,1,438,1314,1590,1742,4193,3573,3582,1114,482,6225
2026-09-15T00:09:08.675300+00:00,196,142257,256x,300ms,19,48,1,438,1313,1590,1743,4206,3584,3592,1117,482,6241
2026-09-15T00:09:09.404105+00:00,197,142982,256x,300ms,19,48,1,440,1320,1597,1752,4230,3603,3607,1123,482,6269
2026-09-15T00:09:10.162864+00:00,198,143744,256x,300ms,18,46,1,439,1321,1598,1751,4216,3593,3594,1119,484,6272
2026-09-15T00:09:10.882942+00:00,199,144470,256x,300ms,18,46,1,438,1314,1590,1745,4200,3578,3582,1114,482,6249
2026-09-15T00:09:11.611873+00:00,200,145195,256x,300ms,18,46,0,440,1320,1598,1751,4208,3585,3588,1117,482,6252
2026-09-15T00:09:12.371546+00:00,201,145955,256x,300ms,17,43,0,442,1327,1607,1759,4248,3617,3621,1127,484,6294
2026-09-15T00:09:13.131533+00:00,202,146716,256x,300ms,17,43,0,443,1329,1609,1763,4243,3618,3616,1126,486,6313
2026-09-15T00:09:13.859228+00:00,203,147441,256x,300ms,17,43,0,443,1327,1609,1762,4240,3617,3617,1125,488,6320
2026-09-15T00:09:14.618990+00:00,204,148202,256x,300ms,16,41,1,442,1327,1607,1762,4241,3616,3614,1125,486,6317
2026-09-15T00:09:15.378130+00:00,205,148963,256x,300ms,16,41,1,441,1324,1604,1758,4226,3605,3604,1122,486,6306
2026-09-15T00:09:16.107123+00:00,206,149689,256x,300ms,16,41,1,438,1315,1592,1746,4205,3585,3587,1118,486,6273
2026-09-15T00:09:16.866417+00:00,207,150450,256x,300ms,15,38,1,440,1321,1598,1752,4221,3597,3598,1120,484,6289
2026-09-15T00:09:17.594725+00:00,208,151176,256x,300ms,15,38,1,441,1323,1600,1755,4219,3599,3599,1120,484,6293
2026-09-15T00:09:18.315617+00:00,209,151903,256x,300ms,15,38,0,440,1319,1598,1753,4214,3591,3592,1118,486,6282
2026-09-15T00:09:19.035264+00:00,210,152628,256x,300ms,15,38,0,440,1321,1598,1753,4235,3610,3611,1124,486,6295
2026-09-15T00:09:19.762657+00:00,211,153353,256x,300ms,15,38,0,447,1346,1627,1782,4344,3699,3698,1150,492,6408
2026-09-15T00:09:20.490506+00:00,212,154078,256x,300ms,15,38,0,459,1381,1671,1825,4419,3762,3757,1168,496,6473
2026-09-15T00:09:21.210980+00:00,213,154803,256x,300ms,15,38,0,461,1389,1679,1835,4418,3765,3758,1168,500,6517
2026-09-15T00:09:21.939621+00:00,214,155528,256x,300ms,15,38,1,465,1399,1691,1848,4452,3794,3782,1176,502,6570
2026-09-15T00:09:22.666881+00:00,215,156254,256x,300ms,15,38,1,480,1445,1746,1906,4531,3864,3843,1196,508,6688
2026-09-15T00:09:23.392246+00:00,216,156980,256x,300ms,15,38,1,471,1419,1716,1873,4500,3832,3822,1188,504,6583
2026-09-15T00:09:24.113441+00:00,217,157706,256x,300ms,15,38,1,469,1414,1708,1866,4492,3826,3815,1187,500,6570
2026-09-15T00:09:24.841201+00:00,218,158433,256x,300ms,15,38,1,470,1413,1709,1866,4509,3841,3822,1190,502,6596
2026-09-15T00:09:25.570156+00:00,219,159159,256x,300ms,15,38,0,472,1423,1720,1879,4517,3855,3831,1195,500,6581
2026-09-15T00:09:26.296683+00:00,220,159884,256x,300ms,15,38,0,472,1421,1717,1876,4493,3829,3809,1187,500,6562
2026-09-15T00:09:27.017227+00:00,221,160608,256x,300ms,15,38,0,465,1397,1690,1847,4167,3597,3560,1116,460,6144
2026-09-15T00:09:27.745120+00:00,222,161333,256x,300ms,15,38,0,280,828,1020,1122,2703,2415,2629,823,324,3919
2026-09-15T00:09:29.153001+00:00,223,162059,256x,300ms,15,38,0,374,1078,1331,1416,1180,1035,1192,413,234,2665
2026-09-15T00:09:29.880020+00:00,224,162783,256x,300ms,15,38,1,8,10,18,27,81,157,301,140,46,355
2026-09-15T00:09:30.600855+00:00,225,163505,256x,300ms,15,38,1,251,529,800,730,2387,1839,2107,731,1312,8985
2026-09-15T00:09:31.328443+00:00,226,164231,256x,300ms,15,38,1,303,665,985,922,2798,2113,2391,811,646,6515
2026-09-15T00:09:32.055991+00:00,227,164955,256x,300ms,15,38,1,565,685,1577,958,2644,1987,2295,787,1002,9657
2026-09-15T00:09:32.775837+00:00,228,165681,256x,300ms,15,38,1,288,699,954,960,2740,2070,2474,811,528,5065
2026-09-15T00:09:33.496751+00:00,229,166406,256x,300ms,15,38,0,282,687,934,953,2687,2049,2418,807,570,5421
2026-09-15T00:09:33.536300+00:00,230,167131,256x,300ms,15,38,0,284,688,938,950,2670,2035,2399,802,588,5550
2026-09-15T00:09:34.257053+00:00,231,167855,256x,300ms,15,38,0,285,635,915,901,2536,1876,2174,739,1642,10616
2026-09-15T00:09:34.984933+00:00,232,168580,256x,300ms,15,38,0,850,1640,2819,1497,9177,3863,7507,1587,4390,39809
2026-09-15T00:09:36.401009+00:00,233,169305,256x,300ms,15,38,0,1205,2685,3684,2176,2749,2109,2422,819,604,5649
2026-09-15T00:09:37.128153+00:00,234,170031,256x,300ms,15,38,1,294,730,967,982,2905,2221,2619,842,426,4203
2026-09-15T00:09:37.849606+00:00,235,170756,256x,300ms,15,38,1,290,780,984,1030,2723,2067,2489,813,465,4590
2026-09-15T00:09:38.569387+00:00,236,171482,256x,300ms,15,38,1,288,780,964,993,2883,2096,2586,832,462,4522
2026-09-15T00:09:39.296674+00:00,237,172207,256x,300ms,15,38,1,294,809,1003,1043,2981,2210,2664,848,448,4414
2026-09-15T00:09:40.024776+00:00,238,172932,256x,300ms,15,38,1,295,806,1000,1040,2936,2177,2622,841,462,4551
2026-09-15T00:09:40.745449+00:00,239,173658,256x,300ms,15,38,0,294,787,992,1022,2919,2176,2606,843,478,4736
2026-09-15T00:09:41.465318+00:00,240,174382,256x,300ms,15,38,0,281,725,934,948,2089,1719,1971,706,454,4499
2026-09-15T00:09:42.192417+00:00,241,175106,256x,300ms,15,38,0,245,564,789,789,2479,1849,2233,731,450,4407
2026-09-15T00:09:42.232472+00:00,242,175830,256x,300ms,15,38,0,285,740,951,978,2827,2103,2544,812,458,4489
2026-09-15T00:09:43.641547+00:00,243,176553,256x,300ms,15,38,0,292,767,980,1016,2891,2169,2607,833,462,4525
2026-09-15T00:09:44.368698+00:00,244,177278,256x,300ms,15,38,1,291,772,976,1016,2827,2096,2568,816,458,4479
2026-09-15T00:09:45.096644+00:00,245,178003,256x,300ms,15,38,1,292,777,980,1022,2896,2161,2637,835,460,4486
2026-09-15T00:09:45.816820+00:00,246,178728,256x,300ms,15,38,1,292,776,976,1018,2901,2181,2649,844,464,4498
2026-09-15T00:09:45.856838+00:00,247,179453,256x,300ms,15,38,1,299,802,1007,1058,2971,2252,2723,866,458,4439
2026-09-15T00:09:46.584056+00:00,248,180179,256x,300ms,15,38,1,297,801,1002,1054,2994,2264,2726,865,456,4445
2026-09-15T00:09:47.992450+00:00,249,180905,256x,300ms,15,38,0,301,816,1018,1072,3020,2288,2746,871,458,4457
2026-09-15T00:09:48.712966+00:00,250,181630,256x,300ms,15,38,0,307,837,1042,1098,3025,2290,2752,871,456,4440
2026-09-15T00:09:49.441216+00:00,251,182354,256x,300ms,15,38,0,296,804,996,1040,2901,2139,2641,833,440,4229
2026-09-15T00:09:50.168383+00:00,252,183079,256x,300ms,15,38,0,291,787,977,1011,2986,2250,2689,856,458,4490
2026-09-15T00:09:50.888823+00:00,253,183803,256x,300ms,15,38,0,302,732,994,991,2843,2145,2540,845,516,5098
2026-09-15T00:09:51.616730+00:00,254,184528,256x,300ms,15,38,1,301,761,998,1019,2910,2190,2610,852,498,4932
2026-09-15T00:09:51.649140+00:00,255,185253,256x,300ms,15,38,1,302,767,1000,1024,2925,2204,2629,855,494,4898
2026-09-15T00:09:53.064882+00:00,256,185979,256x,300ms,15,38,1,305,785,1016,1047,2844,2110,2583,829,478,4668
2026-09-15T00:09:53.792369+00:00,257,186704,256x,300ms,15,38,1,268,698,877,892,2486,1771,2274,729,478,4506
2026-09-15T00:09:54.512869+00:00,258,187429,256x,300ms,15,38,1,274,685,869,872,2496,1762,2232,727,606,5077
2026-09-15T00:09:55.232685+00:00,259,188154,256x,300ms,15,38,0,264,591,832,819,1179,950,1204,413,292,3266
2026-09-15T00:09:55.953644+00:00,260,188877,256x,300ms,15,38,0,4,9,16,22,1051,925,1163,358,122,1525
2026-09-15T00:09:56.680339+00:00,261,189598,256x,300ms,15,38,0,91,235,308,330,5365,4977,4491,1495,428,5786
2026-09-15T00:09:57.408765+00:00,262,190322,256x,300ms,15,38,0,38,138,136,222,3912,2713,5726,1339,434,5434
2026-09-15T00:09:57.441090+00:00,263,191046,256x,300ms,15,38,0,272,1191,1100,1636,535,253,410,493,742,19540
2026-09-15T00:09:58.161341+00:00,264,191770,256x,300ms,15,38,1,459,9696,23841,2008,1190,460,890,865,2134,50201
2026-09-15T00:09:59.584024+00:00,265,192496,256x,300ms,15,38,1,354,9695,18416,1993,1028,392,763,740,1836,43508
2026-09-15T00:09:59.616669+00:00,266,193222,256x,300ms,15,38,1,197,233,4050,320,1651,1782,1980,721,460,5790
2026-09-15T00:10:00.344880+00:00,267,193947,256x,300ms,15,38,1,221,643,805,864,4507,3680,6166,1514,900,11603
2026-09-15T00:10:01.071817+00:00,268,194673,256x,300ms,15,38,1,386,1922,1603,2486,4692,3626,4115,1411,934,10808
2026-09-15T00:10:02.480308+00:00,269,195399,256x,300ms,15,38,0,320,1184,1218,1557,2615,2062,2798,902,554,5924
2026-09-15T00:10:03.200695+00:00,270,196124,256x,300ms,15,38,0,128,386,495,558,1064,888,1261,361,134,1403
2026-09-15T00:10:03.920822+00:00,271,196848,256x,300ms,15,38,0,11,21,31,38,697,493,941,286,228,1804
2026-09-15T00:10:04.641698+00:00,272,197569,256x,300ms,15,38,0,174,863,708,1132,942,650,1181,343,222,2419
2026-09-15T00:10:05.369340+00:00,273,198293,256x,300ms,15,38,0,99,1297,919,459,1095,536,1917,634,558,5941
2026-09-15T00:10:06.088545+00:00,274,199017,256x,300ms,15,38,1,22,53,82,74,109,53,100,24,66,562
2026-09-15T00:10:06.808550+00:00,275,199739,256x,300ms,15,38,1,1,9,13,44,58,38,85,12,2,99
2026-09-15T00:10:07.527733+00:00,276,200458,256x,300ms,15,38,1,5,66,27,111,59,79,197,19,24,391
2026-09-15T00:10:08.249649+00:00,277,201179,256x,300ms,15,38,1,5,64,25,105,48,65,151,16,18,309
2026-09-15T00:10:08.969258+00:00,278,201901,256x,300ms,15,38,1,6,79,38,114,62,79,137,29,10,407
2026-09-15T00:10:09.691131+00:00,279,202621,256x,300ms,15,38,0,8,26,35,43,62,115,60,23,6,240
2026-09-15T00:10:10.408711+00:00,280,203341,256x,300ms,15,38,0,8,25,37,46,38,69,36,13,0,133
2026-09-15T00:10:11.128428+00:00,281,204060,256x,300ms,15,38,0,4,18,27,32,65,118,62,24,4,234
2026-09-15T00:10:11.848967+00:00,282,204780,256x,300ms,15,38,0,9,28,40,48,65,119,62,24,4,236
2026-09-15T00:10:12.561714+00:00,283,205500,256x,300ms,15,38,0,8,26,39,47,61,114,59,23,4,233
2026-09-15T00:10:13.281454+00:00,284,206220,256x,300ms,15,38,1,5,16,25,30,33,45,30,8,0,92
2026-09-15T00:10:14.008600+00:00,285,206939,256x,300ms,15,38,1,6,23,34,37,59,72,53,16,0,141
2026-09-15T00:10:14.728507+00:00,286,207659,256x,300ms,15,38,1,3,14,21,23,91,124,86,29,6,222
2026-09-15T00:10:15.448987+00:00,287,208379,256x,300ms,15,38,1,15,44,60,68,120,176,111,40,10,324
2026-09-15T00:10:16.161374+00:00,288,209101,256x,300ms,15,38,1,13,56,49,69,91,142,96,38,10,366
2026-09-15T00:10:16.888499+00:00,289,209822,256x,300ms,15,38,0,1,23,24,18,46,86,53,21,0,158
2026-09-15T00:10:17.608852+00:00,290,210542,256x,300ms,15,38,0,9,215,150,36,62,87,65,55,6,1041
2026-09-15T00:10:18.320018+00:00,291,211262,256x,300ms,15,38,0,107,3294,1989,121,68,69,84,135,18,2703
2026-09-15T00:10:19.041097+00:00,292,211986,256x,300ms,15,38,0,0,2,4,4,10,9,8,2,0,28
2026-09-15T00:10:19.760943+00:00,293,212703,256x,300ms,15,38,0,0,0,0,0,0,0,0,0,0,2
2026-09-15T00:10:20.480152+00:00,294,213420,256x,300ms,15,38,1,0,0,0,0,0,0,0,0,0,1
2026-09-15T00:10:21.200623+00:00,295,214137,256x,300ms,15,38,1,0,0,0,0,0,0,0,0,0,0
2026-09-15T00:10:21.921403+00:00,296,214855,256x,300ms,15,38,1,0,0,0,0,4,1,3,0,0,4
2026-09-15T00:10:21.960765+00:00,297,215572,256x,300ms,15,38,1,0,0,1,2,2202,2066,2831,5406,860,52202
2026-09-15T00:10:22.689905+00:00,298,216298,256x,300ms,15,38,1,7400,65535,65535,7953,4735,4450,6091,11676,1862,65535
2026-09-15T00:10:23.408593+00:00,299,217025,256x,300ms,15,38,0,7429,65535,65535,7963,4944,4640,6349,12146,2020,65535
2026-09-15T00:10:24.136574+00:00,300,217751,256x,300ms,15,38,0,7519,65535,65535,8049,1689,1584,2168,4153,684,36977
2026-09-15T00:10:24.865447+00:00,301,218478,256x,300ms,15,38,0,6530,65535,65535,6981,4293,4025,5513,10544,1744,65535
2026-09-15T00:10:26.273501+00:00,302,219204,256x,300ms,15,38,0,3988,58658,58564,4260,4753,4460,6109,11687,1922,65535
2026-09-15T00:10:27.000606+00:00,303,219932,256x,300ms,15,38,0,4801,65535,65535,5143,1,1,7,0,0,15
2026-09-15T00:10:27.720647+00:00,304,220655,256x,300ms,15,38,1,0,13,4,23,100,135,343,35,40,657
2026-09-15T00:10:28.441632+00:00,305,221376,256x,300ms,15,38,1,8,100,36,165,78,103,267,26,28,517
2026-09-15T00:10:29.160801+00:00,306,222098,256x,300ms,15,38,1,2,50,18,81,46,60,155,14,12,302
2026-09-15T00:10:29.880267+00:00,307,222820,256x,300ms,15,38,1,2,51,18,83,45,60,155,14,10,301
2026-09-15T00:10:30.600566+00:00,308,223541,256x,300ms,15,38,1,3,50,18,79,43,57,148,13,10,288
2026-09-15T00:10:31.312628+00:00,309,224262,256x,300ms,15,38,0,2,50,18,80,43,57,148,13,10,287
2026-09-15T00:10:32.040633+00:00,310,224982,256x,300ms,15,38,0,2,49,18,79,44,57,149,13,10,287
2026-09-15T00:10:32.760724+00:00,311,225700,256x,300ms,15,38,0,2,50,18,80,44,58,148,13,10,288
2026-09-15T00:10:33.471694+00:00,312,226420,256x,300ms,15,38,0,3,50,17,79,44,57,149,13,10,288
2026-09-15T00:10:34.193053+00:00,313,227140,256x,300ms,15,38,0,3,50,18,79,44,57,149,13,10,288
2026-09-15T00:10:34.912971+00:00,314,227860,256x,300ms,15,38,1,2,49,17,79,42,55,142,13,8,276
2026-09-15T00:10:35.640280+00:00,315,228581,256x,300ms,15,38,1,3,47,17,75,41,55,139,13,8,271
2026-09-15T00:10:36.360696+00:00,316,229301,256x,300ms,15,38,1,2,46,17,75,40,54,139,13,10,270
2026-09-15T00:10:37.071605+00:00,317,230022,256x,300ms,15,38,1,3,46,16,74,41,54,140,11,8,270
2026-09-15T00:10:37.800511+00:00,318,230743,256x,300ms,15,38,1,2,46,16,74,41,54,139,12,10,271
2026-09-15T00:10:38.520511+00:00,319,231463,256x,300ms,15,38,0,2,46,16,74,41,54,140,12,10,270
2026-09-15T00:10:39.240468+00:00,320,232182,256x,300ms,15,38,0,2,47,16,74,39,51,134,12,10,260
2026-09-15T00:10:39.272839+00:00,321,232902,256x,300ms,15,38,0,1,37,15,53,13,17,34,5,2,134
2026-09-15T00:10:39.999319+00:00,322,233621,256x,300ms,15,38,0,229,7031,4399,277,1116,1049,1432,2710,452,48388
2026-09-15T00:10:40.726823+00:00,323,234346,256x,300ms,15,38,0,4611,65535,65535,4963,4607,4325,5916,11315,1861,65535
2026-09-15T00:10:41.446751+00:00,324,235072,256x,300ms,15,38,1,7109,65535,65535,7634,4207,3946,5397,10344,1692,65535
2026-09-15T00:10:42.175195+00:00,325,235799,256x,300ms,15,38,1,6296,65535,65535,6709,4108,3858,5274,10101,1655,65535
2026-09-15T00:10:42.902865+00:00,326,236526,256x,300ms,15,38,1,6300,65535,65535,6716,4112,3860,5271,10097,1656,65535
2026-09-15T00:10:43.630946+00:00,327,237254,256x,300ms,15,38,1,6301,65535,65535,6714,4109,3860,5275,10103,1657,65535
2026-09-15T00:10:45.039787+00:00,328,237981,256x,300ms,15,38,1,6274,65535,65535,6688,3083,2897,3955,7575,1226,65535
2026-09-15T00:10:45.758780+00:00,329,238708,256x,300ms,15,38,0,6,85,36,120,52,69,175,17,16,342
2026-09-15T00:10:46.479667+00:00,330,239428,256x,300ms,15,38,0,4,58,21,93,51,68,174,17,14,341
2026-09-15T00:10:47.199654+00:00,331,240148,256x,300ms,15,38,0,4,58,21,94,52,68,175,16,14,340
2026-09-15T00:10:47.919762+00:00,332,240868,256x,300ms,15,38,0,3,58,21,95,51,68,174,17,14,340
2026-09-15T00:10:48.639421+00:00,333,241588,256x,300ms,15,38,0,3,58,21,94,52,68,174,16,12,341
2026-09-15T00:10:49.358750+00:00,334,242307,256x,300ms,15,38,1,4,58,21,94,51,67,175,17,14,341
2026-09-15T00:10:50.079221+00:00,335,243027,256x,300ms,15,38,1,3,58,21,94,52,68,174,17,14,340
2026-09-15T00:10:50.798848+00:00,336,243748,256x,300ms,15,38,1,4,58,21,94,51,67,174,16,14,342
2026-09-15T00:10:51.518820+00:00,337,244469,256x,300ms,15,38,1,4,58,21,94,52,68,175,17,14,341
2026-09-15T00:10:52.238346+00:00,338,245189,256x,300ms,15,38,1,4,58,21,94,52,68,174,17,14,346
2026-09-15T00:10:52.958618+00:00,339,245910,256x,300ms,15,38,0,4,60,22,94,51,68,175,17,14,341
2026-09-15T00:10:53.671197+00:00,340,246630,256x,300ms,15,38,0,4,58,21,94,51,68,175,16,14,340
2026-09-15T00:10:54.390922+00:00,341,247350,256x,300ms,15,38,0,3,59,20,94,51,67,172,16,14,336
2026-09-15T00:10:55.118893+00:00,342,248070,256x,300ms,15,38,0,0,19,8,33,6,8,4,0,0,40
2026-09-15T00:10:55.839259+00:00,343,248787,256x,300ms,15,38,0,0,0,1,2,5,5,3,0,0,24
2026-09-15T00:10:55.871086+00:00,344,249504,256x,300ms,15,38,1,458,13619,8270,493,432,404,538,1010,160,22079
2026-09-15T00:10:57.279096+00:00,345,250230,256x,300ms,15,38,1,613,18078,10929,653,325,303,404,753,120,16589
2026-09-15T00:10:57.998888+00:00,346,250955,256x,300ms,15,38,1,0,61,45,7,10,10,8,3,0,94
2026-09-15T00:10:58.718973+00:00,347,251674,256x,300ms,15,38,1,0,78,55,10,19,18,17,7,0,132
2026-09-15T00:10:59.446624+00:00,348,252393,256x,300ms,15,38,1,2,115,79,14,24,22,25,9,0,167
2026-09-15T00:10:59.478745+00:00,349,253113,256x,300ms,15,38,0,362,10738,6527,403,267,255,327,568,84,11707
2026-09-15T00:11:00.206608+00:00,350,253838,256x,300ms,15,38,0,744,22039,13413,797,472,437,587,1081,178,24006
2026-09-15T00:11:00.935711+00:00,351,254563,256x,300ms,15,38,0,1174,35130,21504,1259,2387,2237,3046,5800,960,65535
2026-09-15T00:11:01.654880+00:00,352,255290,256x,300ms,15,38,0,6406,65535,65535,6902,4214,3950,5408,10355,1692,65535
2026-09-15T00:11:02.383465+00:00,353,256016,256x,300ms,15,38,0,3866,65535,65535,4110,2129,1999,2724,5221,840,65535
2026-09-15T00:11:03.111898+00:00,354,256742,256x,300ms,15,38,1,4134,65535,65535,4413,3204,2994,4107,7833,1296,65535
2026-09-15T00:11:04.519102+00:00,355,257469,256x,300ms,15,38,1,6499,65535,65535,6984,4225,3958,5409,10355,1740,65535
2026-09-15T00:11:05.236152+00:00,356,258196,256x,300ms,15,38,1,3387,61056,60398,3643,1,0,4,0,0,15
2026-09-15T00:11:05.952195+00:00,357,258916,256x,300ms,15,38,1,0,1,0,2,2,2,6,0,0,22
2026-09-15T00:11:06.672458+00:00,358,259634,256x,300ms,15,38,1,0,1,1,2,2,2,6,0,0,22
2026-09-15T00:11:07.383858+00:00,359,260352,256x,300ms,15,38,0,0,0,0,2,2,2,6,0,0,22
2026-09-15T00:11:08.104438+00:00,360,261068,256x,300ms,15,38,0,0,1,0,3,2,1,6,0,0,22
2026-09-15T00:11:08.823950+00:00,361,261786,256x,300ms,15,38,0,0,0,1,3,2,2,6,0,0,22
2026-09-15T00:11:09.537052+00:00,362,262503,256x,300ms,15,38,0,0,0,0,2,1,1,6,0,0,18
2026-09-15T00:11:10.264833+00:00,363,263220,256x,300ms,15,38,0,0,20,21,13,28,69,40,18,2,154
2026-09-15T00:11:10.295948+00:00,364,263940,256x,300ms,15,38,1,2,61,51,12,9,11,8,3,0,34
2026-09-15T00:11:11.024089+00:00,365,264657,256x,300ms,15,38,1,323,9654,5871,347,1358,1267,1738,3300,548,62546
2026-09-15T00:11:11.752051+00:00,366,265384,256x,300ms,15,38,1,1318,31899,23708,1418,2101,1967,2697,5146,848,56938
2026-09-15T00:11:12.471792+00:00,367,266112,256x,300ms,15,38,1,2046,59006,37899,2209,485,455,622,1188,196,13184
2026-09-15T00:11:13.880965+00:00,368,266836,256x,300ms,15,38,1,5254,65535,65535,5639,4651,4367,5973,11442,1866,65535
2026-09-15T00:11:14.600172+00:00,369,267564,256x,300ms,15,38,0,1684,24829,24729,1800,0,0,2,0,0,10
2026-09-15T00:11:15.320312+00:00,370,268288,256x,300ms,15,38,0,0,1,1,1,0,0,5,0,0,11
2026-09-15T00:11:16.032373+00:00,371,269004,256x,300ms,15,38,0,0,0,0,1,0,0,5,0,0,11
2026-09-15T00:11:16.752248+00:00,372,269722,256x,300ms,15,38,0,0,0,0,1,1,0,4,0,0,11
2026-09-15T00:11:17.465842+00:00,373,270439,256x,300ms,15,38,0,0,0,0,1,1,0,5,0,0,11
2026-09-15T00:11:18.187230+00:00,374,271156,256x,300ms,15,38,1,0,0,0,1,0,0,5,0,0,11
2026-09-15T00:11:18.907080+00:00,375,271874,256x,300ms,15,38,1,0,0,0,1,0,0,5,0,0,11
2026-09-15T00:11:19.625496+00:00,376,272591,256x,300ms,15,38,1,0,0,0,0,0,0,1,0,0,4
2026-09-15T00:11:20.354264+00:00,377,273308,256x,300ms,15,38,1,0,0,0,0,0,0,0,0,0,0
2026-09-15T00:11:20.386281+00:00,378,274026,256x,300ms,15,38,1,0,0,2,0,2502,2350,3211,6154,1012,55897
2026-09-15T00:11:21.106459+00:00,379,274752,256x,300ms,15,38,0,638,9428,9428,684,4840,4542,6212,11903,1958,65535
2026-09-15T00:11:21.842183+00:00,380,275477,256x,300ms,15,38,0,7354,65535,65535,7876,4848,4547,6224,11914,1962,65535
2026-09-15T00:11:22.561596+00:00,381,276204,256x,300ms,15,38,0,7348,65535,65535,7866,4786,4492,6139,11753,1944,65535
2026-09-15T00:11:23.289881+00:00,382,276930,256x,300ms,15,38,0,7309,65535,65535,7826,4204,3944,5403,10331,1702,65535
2026-09-15T00:11:24.018855+00:00,383,277656,256x,300ms,15,38,0,4536,65535,65535,4875,4489,4212,5766,11036,1828,65535
2026-09-15T00:11:24.745835+00:00,384,278383,256x,300ms,15,38,1,6988,65535,65535,7478,3103,2902,3975,7589,1252,65535
2026-09-15T00:11:25.474808+00:00,385,279110,256x,300ms,15,38,1,6091,65535,65535,6542,4643,4350,5952,11394,1908,65535
2026-09-15T00:11:26.194742+00:00,386,279837,256x,300ms,15,38,1,7055,65535,65535,7572,4539,4256,5824,11150,1846,65535
2026-09-15T00:11:26.921854+00:00,387,280564,256x,300ms,15,38,1,5074,65535,65535,5422,3452,3240,4432,8497,1378,65535
2026-09-15T00:11:28.339182+00:00,388,281291,256x,300ms,15,38,1,1942,43497,35701,2076,2429,2278,3120,5973,968,65535
2026-09-15T00:11:29.058403+00:00,389,282017,256x,300ms,15,38,0,2908,65535,53954,3147,45,61,123,20,10,388
2026-09-15T00:11:29.778164+00:00,390,282742,256x,300ms,15,38,0,9,175,101,125,263,251,364,610,102,13673
2026-09-15T00:11:30.498520+00:00,391,283464,256x,300ms,15,38,0,17,57,71,75,114,210,103,45,16,496
2026-09-15T00:11:31.218404+00:00,392,284184,256x,300ms,15,38,0,19,70,82,84,94,171,84,40,12,515
2026-09-15T00:11:31.938561+00:00,393,284904,256x,300ms,15,38,0,583,17906,11344,687,35,61,34,13,0,197
2026-09-15T00:11:32.658344+00:00,394,285628,256x,300ms,15,38,1,5,68,67,31,94,172,84,36,14,403
2026-09-15T00:11:33.386970+00:00,395,286349,256x,300ms,15,38,1,145,3930,2515,223,116,215,103,44,18,494
2026-09-15T00:11:34.107025+00:00,396,287072,256x,300ms,15,38,1,20,62,80,89,112,210,99,43,16,462
2026-09-15T00:11:34.828048+00:00,397,287794,256x,300ms,15,38,1,18,50,68,78,93,175,84,36,12,370
2026-09-15T00:11:35.545958+00:00,398,288515,256x,300ms,15,38,1,13,36,50,61,77,147,73,31,10,303
2026-09-15T00:11:36.265684+00:00,399,289235,256x,300ms,15,38,0,18,49,72,89,84,161,78,33,10,341
2026-09-15T00:11:36.986713+00:00,400,289955,256x,300ms,15,38,0,8,25,37,43,19,49,33,13,0,112
2026-09-15T00:11:37.714046+00:00,401,290675,256x,300ms,15,38,0,4,14,22,28,200,205,252,440,64,8965
2026-09-15T00:11:37.745803+00:00,402,291395,256x,300ms,15,38,0,507,15303,9729,591,107,122,129,201,26,3322
2026-09-15T00:11:39.154348+00:00,403,292120,256x,300ms,15,38,0,1316,39435,24457,1445,164,199,189,280,42,5321
2026-09-15T00:11:39.883131+00:00,404,292845,256x,300ms,15,38,1,90,1071,783,257,325,579,304,168,72,2223
2026-09-15T00:11:40.602829+00:00,405,293569,256x,300ms,15,38,1,33,169,173,123,39,67,50,19,0,138
2026-09-15T00:11:41.323232+00:00,406,294290,256x,300ms,15,38,1,11,36,52,60,54,75,72,60,4,1116
2026-09-15T00:11:42.042102+00:00,407,295010,256x,300ms,15,38,1,363,10786,6525,395,199,187,250,454,64,9279
2026-09-15T00:11:42.770229+00:00,408,295734,256x,300ms,15,38,1,191,5650,3468,218,35,40,30,24,0,393
2026-09-15T00:11:42.802911+00:00,409,296456,256x,300ms,15,38,0,29,132,146,118,1203,1129,1554,2919,462,58168
2026-09-15T00:11:43.530921+00:00,410,297179,256x,300ms,15,38,0,5222,65535,65535,5674,3699,3471,4758,9078,1460,65535
2026-09-15T00:11:44.258325+00:00,411,297906,256x,300ms,15,38,0,6290,65535,65535,6815,4279,4013,5507,10523,1690,65535
2026-09-15T00:11:44.987195+00:00,412,298632,256x,300ms,15,38,0,6374,65535,65535,6959,3206,3004,4127,7857,1294,65535
2026-09-15T00:11:45.706684+00:00,413,299358,256x,300ms,15,38,0,4865,65535,65535,5285,3210,3008,4125,7849,1294,65535
2026-09-15T00:11:46.434855+00:00,414,300085,256x,300ms,15,38,1,4856,65535,65535,5276,3220,3005,4134,7855,1294,65535
2026-09-15T00:11:47.842082+00:00,415,300812,256x,300ms,15,38,1,4831,65535,65535,5248,719,694,911,1684,278,26314
2026-09-15T00:11:48.561896+00:00,416,301537,256x,300ms,15,38,1,4,16,25,29,81,158,78,35,10,357
2026-09-15T00:11:49.282832+00:00,417,302258,256x,300ms,15,38,1,2,24,37,23,30,64,42,27,0,290
2026-09-15T00:11:50.002597+00:00,418,302979,256x,300ms,15,38,1,37,1041,660,63,120,229,109,47,16,485
2026-09-15T00:11:50.722005+00:00,419,303700,256x,300ms,15,38,0,19,52,74,90,114,221,106,46,16,464
2026-09-15T00:11:51.449918+00:00,420,304421,256x,300ms,15,38,0,14,38,58,75,103,201,98,43,14,421
2026-09-15T00:11:52.162200+00:00,421,305141,256x,300ms,15,38,0,14,38,58,74,103,202,99,43,14,422
2026-09-15T00:11:52.890619+00:00,422,305862,256x,300ms,15,38,0,15,38,58,75,103,202,98,43,14,423
2026-09-15T00:11:53.610886+00:00,423,306583,256x,300ms,15,38,0,14,38,58,75,103,202,99,43,14,422
2026-09-15T00:11:54.330191+00:00,424,307304,256x,300ms,15,38,1,15,39,58,75,103,200,99,43,14,422
2026-09-15T00:11:55.049969+00:00,425,308025,256x,300ms,15,38,1,15,59,71,75,99,195,96,43,14,433
2026-09-15T00:11:55.770635+00:00,426,308747,256x,300ms,15,38,1,14,39,58,75,103,202,99,43,16,424
2026-09-15T00:11:56.490783+00:00,427,309468,256x,300ms,15,38,1,15,39,59,75,103,202,99,43,14,425
2026-09-15T00:11:57.210262+00:00,428,310190,256x,300ms,15,38,1,15,40,59,75,103,203,99,43,14,425
2026-09-15T00:11:57.931081+00:00,429,310910,256x,300ms,15,38,0,15,41,60,75,104,203,99,44,16,428
2026-09-15T00:11:58.650919+00:00,430,311631,256x,300ms,15,38,0,15,41,60,75,104,203,100,43,16,428
2026-09-15T00:11:59.370099+00:00,431,312352,256x,300ms,15,38,0,15,41,60,75,104,203,99,43,16,428
2026-09-15T00:12:00.090284+00:00,432,313072,256x,300ms,15,38,0,15,42,60,75,104,203,99,44,14,429
2026-09-15T00:12:00.810856+00:00,433,313793,256x,300ms,15,38,0,13,38,55,68,91,175,87,38,12,373
2026-09-15T00:12:01.538908+00:00,434,314513,256x,300ms,15,38,1,17,76,90,78,263,480,240,105,52,1099
2026-09-15T00:12:02.258153+00:00,435,315237,256x,300ms,15,38,1,10,31,47,53,127,206,117,47,14,408
2026-09-15T00:12:02.986655+00:00,436,315959,256x,300ms,15,38,1,23,257,860,98,192,352,183,80,38,871
2026-09-15T00:12:03.025971+00:00,437,316681,256x,300ms,15,38,1,30,182,192,120,662,630,832,1511,254,33360
2026-09-15T00:12:04.433516+00:00,438,317406,256x,300ms,15,38,1,485,14818,9450,584,390,369,488,855,146,19021
2026-09-15T00:12:04.465663+00:00,439,318131,256x,300ms,15,38,0,13,199,138,49,61,73,51,24,2,305
2026-09-15T00:12:05.186579+00:00,440,318851,256x,300ms,15,38,0,257,6732,4445,405,941,940,1166,2098,342,44928
2026-09-15T00:12:05.914286+00:00,441,319576,256x,300ms,15,38,0,5215,65535,65535,5606,4581,4287,5865,11206,1856,65535
2026-09-15T00:12:06.641879+00:00,442,320302,256x,300ms,15,38,0,7244,65535,65535,7758,4771,4478,6120,11714,1948,65535
2026-09-15T00:12:07.370362+00:00,443,321028,256x,300ms,15,38,0,7269,65535,65535,7782,4790,4491,6142,11752,1959,65535
2026-09-15T00:12:08.098206+00:00,444,321754,256x,300ms,15,38,1,7328,65535,65535,7852,4942,4638,6341,12136,2014,65535
2026-09-15T00:12:08.826494+00:00,445,322481,256x,300ms,15,38,1,7532,65535,65535,8077,4914,4611,6305,12071,2008,65535
2026-09-15T00:12:09.553921+00:00,446,323209,256x,300ms,15,38,1,7474,65535,65535,8016,4914,4617,6307,12075,2010,65535
2026-09-15T00:12:10.273904+00:00,447,323936,256x,300ms,15,38,1,7503,65535,65535,8047,4917,4616,6304,12078,2006,65535
2026-09-15T00:12:11.003077+00:00,448,324663,256x,300ms,15,38,1,7504,65535,65535,8052,4916,4616,6307,12082,2008,65535
2026-09-15T00:12:11.731163+00:00,449,325391,256x,300ms,15,38,0,7503,65535,65535,8051,4915,4612,6305,12080,2010,65535
2026-09-15T00:12:12.458671+00:00,450,326117,256x,300ms,15,38,0,7473,65535,65535,8015,4917,4615,6308,12079,2008,65535
2026-09-15T00:12:13.178158+00:00,451,326843,256x,300ms,15,38,0,7507,65535,65535,8050,4918,4618,6308,12074,2008,65535
2026-09-15T00:12:13.906663+00:00,452,327570,256x,300ms,15,38,0,7503,65535,65535,8047,4913,4613,6301,12062,2008,65535
2026-09-15T00:12:14.633514+00:00,453,328296,256x,300ms,15,38,0,7463,65535,65535,8005,4893,4591,6276,12021,1998,65535
2026-09-15T00:12:15.362204+00:00,454,329023,256x,300ms,15,38,1,7457,65535,65535,8014,4864,4566,6241,11958,1987,65535
2026-09-15T00:12:16.082196+00:00,455,329750,256x,300ms,15,38,1,7428,65535,65535,7977,4886,4589,6271,12010,1998,65535
2026-09-15T00:12:17.491056+00:00,456,330477,256x,300ms,15,38,1,4053,61266,59638,4369,107,131,126,188,30,4089
2026-09-15T00:12:18.210270+00:00,457,331201,256x,300ms,15,38,1,18,87,93,83,76,152,77,34,8,347
2026-09-15T00:12:18.929935+00:00,458,331922,256x,300ms,15,38,1,2,49,41,15,21,56,36,15,0,126
2026-09-15T00:12:19.658113+00:00,459,332642,256x,300ms,15,38,0,9,36,47,53,80,152,73,31,8,340
2026-09-15T00:12:19.689949+00:00,460,333362,256x,300ms,15,38,0,6,53,51,36,174,165,223,407,66,9291
2026-09-15T00:12:20.418609+00:00,461,334082,256x,300ms,15,38,0,3475,65535,64496,3759,4272,4007,5480,10508,1720,65535
2026-09-15T00:12:21.145485+00:00,462,334809,256x,300ms,15,38,0,6845,65535,65535,7366,4506,4230,5786,11079,1818,65535
2026-09-15T00:12:21.865548+00:00,463,335535,256x,300ms,15,38,0,6778,65535,65535,7299,4137,3874,5310,10152,1690,65535
2026-09-15T00:12:22.594578+00:00,464,336261,256x,300ms,15,38,1,5826,65535,65535,6258,3681,3452,4717,9046,1492,65535
2026-09-15T00:12:23.322618+00:00,465,336988,256x,300ms,15,38,1,5358,65535,65535,5739,3515,3300,4511,8651,1418,65535
2026-09-15T00:12:24.049640+00:00,466,337714,256x,300ms,15,38,1,5377,65535,65535,5756,3517,3303,4512,8652,1414,65535
2026-09-15T00:12:24.778574+00:00,467,338441,256x,300ms,15,38,1,5380,65535,65535,5762,3517,3302,4512,8655,1418,65535
2026-09-15T00:12:25.506248+00:00,468,339168,256x,300ms,15,38,1,5380,65535,65535,5756,3519,3302,4512,8656,1418,65535
2026-09-15T00:12:26.226403+00:00,469,339895,256x,300ms,15,38,0,5361,65535,65535,5740,3515,3302,4513,8658,1416,65535
2026-09-15T00:12:26.955118+00:00,470,340621,256x,300ms,15,38,0,5362,65535,65535,5742,3519,3302,4515,8657,1418,65535
2026-09-15T00:12:27.678846+00:00,471,341347,256x,300ms,15,38,0,5385,65535,65535,5762,3520,3305,4516,8663,1418,65535
2026-09-15T00:12:28.407786+00:00,472,342074,256x,300ms,15,38,0,5365,65535,65535,5740,3520,3301,4517,8657,1418,65535
2026-09-15T00:12:29.127888+00:00,473,342801,256x,300ms,15,38,0,5365,65535,65535,5740,3522,3306,4518,8664,1418,65535
2026-09-15T00:12:29.886399+00:00,474,343562,64x,300ms,15,38,1,1351,40748,25207,1439,887,834,1146,2172,361,49158
2026-09-15T00:12:30.615046+00:00,475,344287,64x,300ms,15,38,1,1351,40751,25208,1439,887,833,1145,2173,361,49163
2026-09-15T00:12:31.336583+00:00,476,345012,64x,300ms,15,38,1,1350,40756,25205,1439,887,833,1145,2173,361,49159
2026-09-15T00:12:32.063944+00:00,477,345737,64x,300ms,15,38,1,1350,40757,25201,1439,887,834,1145,2173,361,49171
2026-09-15T00:12:32.791338+00:00,478,346462,64x,300ms,15,38,1,1350,40755,25201,1439,887,834,1145,2172,361,49172
2026-09-15T00:12:34.232210+00:00,479,347222,32x,300ms,15,38,0,681,20605,12772,727,448,421,580,1098,183,24893
2026-09-15T00:12:34.964754+00:00,480,347945,32x,300ms,15,38,0,681,20607,12772,727,448,421,580,1098,183,24891
2026-09-15T00:12:34.995936+00:00,481,348670,32x,300ms,15,38,0,681,20607,12772,727,448,421,580,1098,183,24891
2026-09-15T00:12:35.715919+00:00,482,349393,32x,300ms,15,38,0,681,20604,12770,727,448,421,580,1098,183,24890
2026-09-15T00:12:37.156643+00:00,483,350153,16x,300ms,15,38,0,342,10355,6425,365,225,212,292,551,92,12517
2026-09-15T00:12:37.883907+00:00,484,350874,16x,300ms,15,38,1,341,10356,6425,365,225,212,292,551,92,12517
2026-09-15T00:12:38.605245+00:00,485,351596,16x,300ms,15,38,1,342,10357,6425,365,225,212,292,551,92,12519
2026-09-15T00:12:39.328719+00:00,486,352317,16x,300ms,15,38,1,342,10357,6425,365,225,212,292,551,92,12518
2026-09-15T00:12:40.049353+00:00,487,353039,16x,300ms,15,38,1,342,10357,6425,365,225,212,292,551,92,12519
2026-09-15T00:12:40.769844+00:00,488,353763,16x,300ms,15,38,1,342,10357,6424,365,225,212,292,551,92,12518
2026-09-15T00:12:41.489511+00:00,489,354483,16x,300ms,15,38,0,342,10356,6424,365,225,212,292,552,92,12519
2026-09-15T00:12:42.209450+00:00,490,355207,16x,300ms,15,38,0,342,10357,6425,365,225,212,292,551,92,12519
2026-09-15T00:12:42.937579+00:00,491,355928,16x,300ms,15,38,0,341,10358,6426,365,225,212,292,552,92,12520
2026-09-15T00:12:43.657683+00:00,492,356651,16x,300ms,15,38,0,342,10359,6425,365,225,212,292,552,92,12520
2026-09-15T00:12:44.377158+00:00,493,357372,16x,300ms,15,38,0,342,10359,6425,365,225,212,292,552,92,12521
2026-09-15T00:12:45.097672+00:00,494,358094,16x,300ms,15,38,1,342,10360,6425,365,225,212,292,551,92,12521
2026-09-15T00:12:45.818318+00:00,495,358814,16x,300ms,15,38,1,342,10360,6426,365,225,212,292,551,92,12521
2026-09-15T00:12:46.538013+00:00,496,359536,16x,300ms,15,38,1,342,10360,6427,365,225,212,292,551,92,12520
2026-09-15T00:12:47.265332+00:00,497,360260,16x,300ms,15,38,1,341,10361,6426,365,225,212,292,551,92,12523
2026-09-15T00:12:47.985815+00:00,498,360982,16x,300ms,15,38,1,342,10361,6426,365,225,212,292,551,92,12524
2026-09-15T00:12:48.705655+00:00,499,361704,16x,300ms,15,38,0,342,10362,6426,365,225,212,292,551,92,12523
2026-09-15T00:12:49.426034+00:00,500,362425,16x,300ms,15,38,0,342,10362,6426,365,225,212,292,552,92,12524
2026-09-15T00:12:50.146012+00:00,501,363146,16x,300ms,15,38,0,342,10362,6426,365,225,211,292,552,92,12523
2026-09-15T00:12:50.873392+00:00,502,363868,16x,300ms,15,38,0,341,10363,6425,365,225,212,292,552,92,12525
2026-09-15T00:12:51.593492+00:00,503,364591,16x,300ms,15,38,0,342,10362,6425,365,225,212,292,552,92,12525
2026-09-15T00:12:52.316316+00:00,504,365312,16x,300ms,15,38,1,342,10363,6425,365,225,212,292,551,92,12525
2026-09-15T00:12:53.036213+00:00,505,366035,16x,300ms,15,38,1,341,10362,6426,365,225,212,292,552,92,12524
2026-09-15T00:12:53.756208+00:00,506,366757,16x,300ms,15,38,1,342,10365,6426,365,225,212,292,552,92,12524
2026-09-15T00:12:54.476994+00:00,507,367477,16x,300ms,15,38,1,342,10365,6425,365,225,212,292,552,92,12525
2026-09-15T00:12:55.196004+00:00,508,368200,16x,300ms,15,38,1,342,10365,6427,365,225,212,292,552,92,12524
2026-09-15T00:12:55.924567+00:00,509,368923,16x,300ms,15,38,0,342,10364,6426,365,225,212,292,552,92,12527
2026-09-15T00:12:56.644989+00:00,510,369644,16x,300ms,15,38,0,342,10365,6426,365,225,212,292,552,92,12528
2026-09-15T00:12:57.363703+00:00,511,370366,16x,300ms,15,38,0,342,10366,6426,365,225,212,292,552,92,12526
2026-09-15T00:12:58.084351+00:00,512,371090,16x,300ms,15,38,0,342,10367,6427,365,225,212,292,552,92,12528
2026-09-15T00:12:58.805111+00:00,513,371811,16x,300ms,15,38,0,342,10367,6425,365,225,212,292,552,92,12528
2026-09-15T00:12:59.524556+00:00,514,372533,16x,300ms,15,38,1,342,10367,6426,365,225,212,292,552,92,12527
2026-09-15T00:13:00.244546+00:00,515,373255,16x,300ms,15,38,1,342,10369,6427,365,176,167,228,429,72,9745
2026-09-15T00:13:00.957066+00:00,516,373977,16x,300ms,15,38,1,7,190,127,12,8,15,7,3,2,31
2026-09-15T00:13:01.676864+00:00,517,374693,16x,300ms,15,38,1,1,3,5,6,8,15,8,4,2,32
2026-09-15T00:13:02.388600+00:00,518,375409,16x,300ms,15,38,1,1,3,5,6,8,15,8,4,2,31
2026-09-15T00:13:03.099955+00:00,519,376127,16x,300ms,15,38,0,2,4,5,6,8,15,8,4,2,33
2026-09-15T00:13:03.821192+00:00,520,376840,16x,300ms,15,38,0,1,5,6,6,8,15,8,3,2,31
2026-09-15T00:13:04.532498+00:00,521,377552,16x,300ms,15,38,0,2,3,5,6,8,15,8,3,1,32
2026-09-15T00:13:05.244519+00:00,522,378267,16x,300ms,15,38,0,2,3,5,6,8,15,8,4,1,31
2026-09-15T00:13:05.957029+00:00,523,378982,16x,300ms,15,38,0,1,3,5,6,8,15,8,3,2,31
2026-09-15T00:13:06.677268+00:00,524,379696,16x,300ms,15,38,1,2,3,5,6,8,15,8,4,1,31
2026-09-15T00:13:07.389165+00:00,525,380410,16x,300ms,15,38,1,2,3,5,6,8,15,8,3,1,32
2026-09-15T00:13:08.108194+00:00,526,381126,16x,300ms,15,38,1,1,3,5,6,8,15,8,4,2,31
2026-09-15T00:13:08.820914+00:00,527,381844,16x,300ms,15,38,1,2,3,5,6,8,15,8,4,2,31
2026-09-15T00:13:09.532307+00:00,528,382558,16x,300ms,15,38,1,1,3,5,6,8,15,8,4,2,32
2026-09-15T00:13:10.252472+00:00,529,383273,16x,300ms,15,38,0,1,3,5,6,8,15,8,3,2,32
2026-09-15T00:13:10.964940+00:00,530,383988,16x,300ms,15,38,0,2,6,7,6,8,15,8,4,2,33
2026-09-15T00:13:11.676522+00:00,531,384704,16x,300ms,15,38,0,2,6,7,6,8,16,8,4,2,35
2026-09-15T00:13:12.397271+00:00,532,385419,16x,300ms,15,38,0,2,8,8,6,8,16,8,4,2,35
2026-09-15T00:13:13.108460+00:00,533,386134,16x,300ms,15,38,0,2,6,7,6,8,16,8,4,2,34
2026-09-15T00:13:13.828844+00:00,534,386848,16x,300ms,15,38,1,2,7,7,6,8,16,8,4,2,35
2026-09-15T00:13:14.541188+00:00,535,387562,16x,300ms,15,38,1,2,7,7,6,8,16,8,4,2,34
2026-09-15T00:13:15.252417+00:00,536,388278,16x,300ms,15,38,1,2,7,7,6,8,16,8,4,2,37
2026-09-15T00:13:15.964991+00:00,537,388992,16x,300ms,15,38,1,2,9,9,6,8,16,8,4,2,36
2026-09-15T00:13:16.685461+00:00,538,389706,16x,300ms,15,38,1,2,7,8,6,8,15,8,4,2,36
2026-09-15T00:13:17.397233+00:00,539,390423,16x,300ms,15,38,0,2,9,9,6,8,15,8,4,2,36
2026-09-15T00:13:18.116207+00:00,540,391140,16x,300ms,15,38,0,2,8,8,6,8,15,8,4,2,36
2026-09-15T00:13:18.828526+00:00,541,391855,16x,300ms,15,38,0,2,8,8,6,8,16,8,4,2,36
2026-09-15T00:13:19.541098+00:00,542,392570,16x,300ms,15,38,0,2,6,7,6,8,15,8,4,2,32
2026-09-15T00:13:20.253518+00:00,543,393284,16x,300ms,15,38,0,2,3,5,6,8,15,8,4,2,32
2026-09-15T00:13:20.972389+00:00,544,393997,16x,300ms,15,38,1,2,3,5,6,8,15,8,3,2,31
2026-09-15T00:13:21.692371+00:00,545,394714,16x,300ms,15,38,1,2,3,5,6,8,15,8,4,2,31
2026-09-15T00:13:22.405310+00:00,546,395429,16x,300ms,15,38,1,2,3,5,6,8,15,8,4,2,31
2026-09-15T00:13:23.117285+00:00,547,396147,16x,300ms,15,38,1,2,3,5,6,8,15,8,4,2,31
2026-09-15T00:13:23.836488+00:00,548,396862,16x,300ms,15,38,1,1,3,5,6,8,15,8,4,2,32
2026-09-15T00:13:24.548613+00:00,549,397578,16x,300ms,15,38,0,1,3,5,6,8,15,8,4,2,32
2026-09-15T00:13:25.268826+00:00,550,398295,16x,300ms,15,38,0,2,3,5,6,8,15,8,3,2,31
2026-09-15T00:13:25.980850+00:00,551,399010,16x,300ms,15,38,0,2,3,5,6,8,15,8,4,1,31
2026-09-15T00:13:26.692229+00:00,552,399726,16x,300ms,15,38,0,1,3,5,6,8,15,8,4,2,31
2026-09-15T00:13:27.412596+00:00,553,400440,16x,300ms,15,38,0,2,3,5,6,8,15,8,4,2,32
2026-09-15T00:13:28.125036+00:00,554,401155,16x,300ms,15,38,1,1,3,5,6,8,15,8,4,1,32
2026-09-15T00:13:28.836906+00:00,555,401869,16x,300ms,15,38,1,2,3,5,6,8,15,8,4,2,32
2026-09-15T00:13:29.556333+00:00,556,402584,16x,300ms,15,38,1,2,3,5,6,8,15,8,4,1,31
2026-09-15T00:13:30.268859+00:00,557,403300,16x,300ms,15,38,1,2,3,5,6,8,15,8,4,2,32
2026-09-15T00:13:30.981380+00:00,558,404016,16x,300ms,15,38,1,1,3,5,6,8,15,8,3,2,31
2026-09-15T00:13:31.701281+00:00,559,404729,16x,300ms,15,38,0,2,3,5,6,6,11,6,3,1,25
2026-09-15T00:13:32.420537+00:00,560,405444,16x,300ms,15,38,0,46,1410,906,54,10,10,12,19,4,446
2026-09-15T00:13:33.133372+00:00,561,406163,16x,300ms,15,38,0,9,284,188,12,14,14,17,30,5,665
2026-09-15T00:13:33.852750+00:00,562,406880,16x,300ms,15,38,0,28,851,560,34,4,5,4,6,1,116
2026-09-15T00:13:34.572540+00:00,563,407598,16x,300ms,15,38,0,1,7,6,3,4,7,4,2,1,18
2026-09-15T00:13:35.293461+00:00,564,408310,16x,300ms,15,38,1,3,84,57,5,94,90,124,229,36,4732
2026-09-15T00:13:36.012203+00:00,565,409029,16x,300ms,15,38,1,169,5137,3256,188,208,195,270,507,84,11159
2026-09-15T00:13:36.732606+00:00,566,409751,16x,300ms,15,38,1,379,11454,7140,406,250,236,326,615,104,14017
2026-09-15T00:13:37.453031+00:00,567,410473,16x,300ms,15,38,1,421,12758,7941,451,277,261,361,682,115,15365
2026-09-15T00:13:38.180625+00:00,568,411197,16x,300ms,15,38,1,415,12572,7831,445,264,248,344,648,110,14624
2026-09-15T00:13:38.900487+00:00,569,411918,16x,300ms,15,38,0,413,12505,7815,445,275,259,358,674,114,15164
2026-09-15T00:13:39.620632+00:00,570,412642,16x,300ms,15,38,0,417,12632,7882,448,278,262,362,683,115,15341
2026-09-15T00:13:40.340999+00:00,571,413364,16x,300ms,15,38,0,423,12836,8011,456,281,264,366,688,117,15458
2026-09-15T00:13:41.069281+00:00,572,414085,16x,300ms,15,38,0,428,12994,8099,460,283,265,367,692,117,15571
2026-09-15T00:13:41.789226+00:00,573,414808,16x,300ms,15,38,0,430,13028,8117,461,283,266,369,695,118,15643
2026-09-15T00:13:42.508040+00:00,574,415529,16x,300ms,15,38,1,431,13061,8134,462,283,266,369,695,118,15635
2026-09-15T00:13:43.228329+00:00,575,416253,16x,300ms,15,38,1,429,13006,8106,460,280,263,364,684,116,15386
2026-09-15T00:13:43.956755+00:00,576,416974,16x,300ms,15,38,1,425,12878,8032,457,281,264,365,688,116,15461
2026-09-15T00:13:44.669829+00:00,577,417697,16x,300ms,15,38,1,426,12929,8057,458,280,264,364,686,116,15414
2026-09-15T00:13:45.380760+00:00,578,418418,16x,300ms,15,38,1,412,12514,7811,444,166,156,215,405,68,9193
2026-09-15T00:13:46.101515+00:00,579,419138,16x,300ms,15,38,0,10,261,171,14,7,13,6,3,1,28
2026-09-15T00:13:46.814534+00:00,580,419854,16x,300ms,15,38,0,1,3,5,6,7,13,6,3,1,28
2026-09-15T00:13:47.524666+00:00,581,420567,16x,300ms,15,38,0,1,3,5,6,7,13,6,3,1,28
2026-09-15T00:13:48.244678+00:00,582,421281,16x,300ms,15,38,0,1,3,5,6,7,13,6,3,1,29
2026-09-15T00:13:48.957305+00:00,583,421996,16x,300ms,15,38,0,2,8,8,6,7,13,7,3,1,29
2026-09-15T00:13:49.669050+00:00,584,422709,16x,300ms,15,38,1,1,3,5,6,7,13,6,3,1,28
2026-09-15T00:13:50.381035+00:00,585,423422,16x,300ms,15,38,1,1,3,5,6,7,14,7,3,1,28
2026-09-15T00:13:51.101407+00:00,586,424137,16x,300ms,15,38,1,1,3,5,6,7,14,7,3,1,28
2026-09-15T00:13:51.813032+00:00,587,424854,16x,300ms,15,38,1,1,3,5,6,7,13,6,3,1,28
2026-09-15T00:13:52.524638+00:00,588,425570,16x,300ms,15,38,1,1,3,5,6,7,14,6,3,1,28
2026-09-15T00:13:53.236679+00:00,589,426284,16x,300ms,15,38,0,1,3,5,6,7,13,6,3,1,28
2026-09-15T00:13:53.948795+00:00,590,426997,16x,300ms,15,38,0,1,3,5,6,7,13,7,3,1,28
2026-09-15T00:13:54.669646+00:00,591,427710,16x,300ms,15,38,0,1,3,5,6,7,14,6,3,1,28
2026-09-15T00:13:55.381238+00:00,592,428424,16x,300ms,15,38,0,1,3,5,6,7,13,6,3,1,28
2026-09-15T00:13:56.101792+00:00,593,429139,16x,300ms,15,38,0,1,3,4,5,3,6,3,1,0,10
2026-09-15T00:13:56.813065+00:00,594,429854,16x,300ms,15,38,1,1,1,1,2,5,9,4,2,1,18
2026-09-15T00:13:57.524631+00:00,595,430569,16x,300ms,15,38,1,0,1,1,1,1,1,0,0,0,1
2026-09-15T00:13:58.244966+00:00,596,431285,16x,300ms,15,38,1,0,0,0,0,1,1,0,0,0,1
2026-09-15T00:13:58.964849+00:00,597,432000,16x,300ms,15,38,1,0,0,0,0,16,30,1,1,2,25
2026-09-15T00:13:59.684728+00:00,598,432716,16x,300ms,15,38,1,13,10,26,13,321,612,18,12,48,503
2026-09-15T00:14:00.397138+00:00,599,433437,16x,300ms,15,38,0,11,9,23,12,308,586,17,11,47,486
2026-09-15T00:14:01.117211+00:00,600,434154,16x,300ms,15,38,0,10,8,20,10,269,514,15,10,41,426
2026-09-15T00:14:01.837083+00:00,601,434873,16x,300ms,15,38,0,10,8,20,10,241,463,14,9,36,379
2026-09-15T00:14:02.557447+00:00,602,435590,16x,300ms,15,38,0,10,8,21,11,339,653,19,12,53,544
2026-09-15T00:14:03.268426+00:00,603,436307,16x,300ms,15,38,0,12,10,25,13,340,652,19,12,53,544
2026-09-15T00:14:03.989231+00:00,604,437025,16x,300ms,15,38,1,14,12,29,15,365,690,20,13,56,579
2026-09-15T00:14:04.709398+00:00,605,437743,16x,300ms,15,38,1,12,10,25,13,351,664,19,13,54,559
2026-09-15T00:14:05.428734+00:00,606,438464,16x,300ms,15,38,1,12,9,24,12,330,624,18,12,50,527
2026-09-15T00:14:06.141654+00:00,607,439183,16x,300ms,15,38,1,11,9,22,11,214,409,12,8,32,339
2026-09-15T00:14:06.861500+00:00,608,439902,16x,300ms,15,38,1,8,6,15,8,284,552,16,10,44,452
2026-09-15T00:14:07.572937+00:00,609,440619,16x,300ms,15,38,0,12,9,24,12,385,729,21,14,58,595
2026-09-15T00:14:08.293377+00:00,610,441336,16x,300ms,15,38,0,14,11,29,15,399,756,21,14,59,605
2026-09-15T00:14:09.012706+00:00,611,442054,16x,300ms,15,38,0,11,9,22,11,212,408,12,8,32,337
2026-09-15T00:14:09.732835+00:00,612,442771,16x,300ms,15,38,0,8,6,16,8,226,434,13,8,34,358
2026-09-15T00:14:10.445395+00:00,613,443489,16x,300ms,15,38,0,11,8,22,11,295,566,17,11,45,470
2026-09-15T00:14:11.165251+00:00,614,444207,16x,300ms,15,38,1,9,7,19,9,225,432,13,8,34,357
2026-09-15T00:14:11.891961+00:00,615,444925,16x,300ms,15,38,1,8,7,17,9,225,432,13,8,34,357
2026-09-15T00:14:12.597405+00:00,616,445643,16x,300ms,15,38,1,8,7,17,9,225,432,13,8,34,357
2026-09-15T00:14:13.317810+00:00,617,446361,16x,300ms,15,38,1,8,7,17,9,225,432,13,8,34,357
2026-09-15T00:14:14.029529+00:00,618,447078,16x,300ms,15,38,1,8,7,17,9,225,432,13,8,34,357
2026-09-15T00:14:14.749080+00:00,619,447796,16x,300ms,15,38,0,8,7,17,9,225,432,13,8,34,357
2026-09-15T00:14:15.462008+00:00,620,448513,16x,300ms,15,38,0,8,7,17,9,225,432,13,8,34,357
2026-09-15T00:14:16.182052+00:00,621,449228,16x,300ms,15,38,0,8,7,17,9,225,432,13,8,34,357
2026-09-15T00:14:16.894000+00:00,622,449945,16x,300ms,15,38,0,8,7,17,9,225,432,13,8,34,357
2026-09-15T00:14:17.613726+00:00,623,450660,16x,300ms,15,38,0,8,7,17,8,225,432,13,8,34,357
2026-09-15T00:14:18.334761+00:00,624,451377,16x,300ms,15,38,1,8,7,17,9,225,432,13,8,34,357
2026-09-15T00:14:19.046539+00:00,625,452094,16x,300ms,15,38,1,8,7,17,9,225,432,13,8,34,357
2026-09-15T00:14:19.762922+00:00,626,452811,16x,300ms,15,38,1,8,7,17,9,225,432,13,8,34,357
2026-09-15T00:14:20.482702+00:00,627,453529,16x,300ms,15,38,1,8,7,17,8,225,432,13,8,34,357
2026-09-15T00:14:21.202993+00:00,628,454247,16x,300ms,15,38,1,8,7,17,9,225,432,13,8,34,357
2026-09-15T00:14:21.919504+00:00,629,454966,16x,300ms,15,38,0,8,7,17,8,225,432,13,8,34,357
2026-09-15T00:14:21.951499+00:00,630,455682,16x,300ms,15,38,0,8,7,17,9,225,432,13,8,34,357
2026-09-15T00:14:22.664091+00:00,631,456400,16x,300ms,15,38,0,8,7,17,9,225,432,13,8,34,357
2026-09-15T00:14:24.112118+00:00,632,457152,32x,300ms,15,38,0,16,13,33,16,448,861,25,16,67,711
2026-09-15T00:14:24.830897+00:00,633,457871,32x,300ms,15,38,0,16,13,33,16,449,861,25,16,67,711
2026-09-15T00:14:24.863349+00:00,634,458591,32x,300ms,15,38,1,16,13,33,16,449,861,25,16,67,711
2026-09-15T00:14:25.593845+00:00,635,459311,32x,300ms,15,38,1,16,12,33,16,449,861,25,16,67,711
2026-09-15T00:14:27.026973+00:00,636,460066,64x,300ms,15,38,1,30,24,64,32,889,1706,49,30,132,1408
2026-09-15T00:14:27.747430+00:00,637,460788,64x,300ms,15,38,1,30,24,64,32,889,1707,49,30,132,1407
2026-09-15T00:14:28.466285+00:00,638,461510,64x,300ms,15,38,1,31,24,64,32,889,1707,49,30,132,1407
2026-09-15T00:14:29.187835+00:00,639,462232,64x,300ms,15,38,0,30,24,64,32,889,1707,49,30,132,1408
2026-09-15T00:14:29.907627+00:00,640,462952,64x,300ms,15,38,0,30,24,64,32,890,1707,49,30,132,1408
2026-09-15T00:14:30.627036+00:00,641,463673,64x,300ms,15,38,0,30,24,64,32,890,1707,49,30,132,1408
2026-09-15T00:14:31.351702+00:00,642,464394,64x,300ms,15,38,0,31,24,64,32,890,1707,49,30,132,1409
2026-09-15T00:14:32.075680+00:00,643,465114,64x,300ms,15,38,0,31,24,64,32,890,1708,49,30,132,1409
2026-09-15T00:14:32.795360+00:00,644,465833,64x,300ms,15,38,1,31,24,64,32,891,1709,49,30,132,1409
2026-09-15T00:14:33.514039+00:00,645,466555,64x,300ms,15,38,1,31,24,64,32,891,1709,49,30,132,1409
2026-09-15T00:14:34.235273+00:00,646,467278,64x,300ms,15,38,1,30,24,64,32,891,1709,49,30,132,1410
2026-09-15T00:14:34.955630+00:00,647,467999,64x,300ms,15,38,1,30,24,64,32,891,1710,49,30,132,1410
2026-09-15T00:14:35.674836+00:00,648,468721,64x,300ms,15,38,1,31,24,64,32,892,1710,49,30,132,1411
2026-09-15T00:14:36.395301+00:00,649,469443,64x,300ms,15,38,0,31,24,64,32,892,1709,49,30,132,1411
2026-09-15T00:14:37.114824+00:00,650,470163,64x,300ms,15,38,0,31,24,64,32,892,1710,49,31,132,1411
2026-09-15T00:14:37.834569+00:00,651,470884,64x,300ms,15,38,0,30,24,64,32,892,1710,49,30,132,1411
2026-09-15T00:14:38.555314+00:00,652,471604,64x,300ms,15,38,0,30,24,64,32,893,1711,49,30,132,1411
2026-09-15T00:14:39.275613+00:00,653,472324,64x,300ms,15,38,0,31,24,64,32,893,1711,49,30,132,1412
2026-09-15T00:14:39.995665+00:00,654,473044,64x,300ms,15,38,1,31,24,64,32,893,1711,49,30,133,1412
2026-09-15T00:14:40.716016+00:00,655,473766,64x,300ms,15,38,1,31,24,64,32,893,1712,49,31,132,1412
2026-09-15T00:14:41.444002+00:00,656,474487,64x,300ms,15,38,1,30,24,64,32,893,1711,49,31,133,1413
2026-09-15T00:14:42.163809+00:00,657,475208,64x,300ms,15,38,1,30,24,64,32,894,1712,49,31,133,1413
2026-09-15T00:14:42.882896+00:00,658,475930,64x,300ms,15,38,1,30,25,64,32,894,1712,49,31,132,1413
2026-09-15T00:14:43.594734+00:00,659,476651,64x,300ms,15,38,0,30,25,64,32,895,1712,49,30,133,1413
2026-09-15T00:14:44.316080+00:00,660,477372,64x,300ms,15,38,0,31,24,64,32,895,1713,49,31,132,1414
2026-09-15T00:14:45.043303+00:00,661,478092,64x,300ms,15,38,0,31,24,64,32,895,1714,49,30,133,1414
2026-09-15T00:14:45.763717+00:00,662,478812,64x,300ms,15,38,0,31,24,64,32,896,1713,49,30,133,1415
2026-09-15T00:14:46.483480+00:00,663,479533,64x,300ms,15,38,0,31,25,64,32,896,1713,49,30,133,1415
2026-09-15T00:14:47.203842+00:00,664,480252,64x,300ms,15,38,1,31,24,64,32,896,1714,49,31,133,1415
2026-09-15T00:14:47.923881+00:00,665,480973,64x,300ms,15,38,1,31,24,64,32,896,1715,49,30,133,1416
2026-09-15T00:14:48.643527+00:00,666,481695,64x,300ms,15,38,1,30,24,62,31,554,1063,32,20,81,866
2026-09-15T00:14:49.355580+00:00,667,482416,64x,300ms,15,38,1,4,11,16,20,28,54,25,11,4,116
2026-09-15T00:14:50.076161+00:00,668,483136,64x,300ms,15,38,1,4,12,17,21,28,54,25,11,4,116
2026-09-15T00:14:50.796139+00:00,669,483855,64x,300ms,15,38,0,4,12,17,21,29,54,25,11,4,116
2026-09-15T00:14:51.515513+00:00,670,484573,64x,300ms,15,38,0,4,12,17,22,29,55,25,11,4,116
2026-09-15T00:14:52.235614+00:00,671,485292,64x,300ms,15,38,0,4,12,17,22,28,55,25,11,4,116
2026-09-15T00:14:52.947621+00:00,672,486009,64x,300ms,15,38,0,4,12,17,22,28,54,25,11,4,116
2026-09-15T00:14:53.668294+00:00,673,486728,64x,300ms,15,38,0,4,12,17,22,29,54,25,11,4,116
2026-09-15T00:14:54.388456+00:00,674,487446,64x,300ms,15,38,1,5,12,17,22,28,54,25,11,3,116
2026-09-15T00:14:55.107597+00:00,675,488165,64x,300ms,15,38,1,4,12,17,22,29,54,25,11,4,116
2026-09-15T00:14:55.828072+00:00,676,488884,64x,300ms,15,38,1,4,12,17,21,29,54,25,11,4,116
2026-09-15T00:14:56.539667+00:00,677,489603,64x,300ms,15,38,1,4,12,17,22,28,54,25,11,4,116
2026-09-15T00:14:57.259805+00:00,678,490322,64x,300ms,15,38,1,4,12,17,22,28,54,25,10,4,116
2026-09-15T00:14:57.979463+00:00,679,491041,64x,300ms,15,38,0,4,12,17,22,28,54,25,11,4,116
2026-09-15T00:14:58.699555+00:00,680,491760,64x,300ms,15,38,0,4,12,17,21,28,54,25,11,4,116
2026-09-15T00:14:59.411759+00:00,681,492478,64x,300ms,15,38,0,4,12,18,21,28,54,25,11,4,116
2026-09-15T00:15:00.132576+00:00,682,493196,64x,300ms,15,38,0,4,12,17,22,28,54,25,11,4,116
2026-09-15T00:15:00.851891+00:00,683,493915,64x,300ms,15,38,0,4,12,17,21,28,54,25,11,4,116
2026-09-15T00:15:01.580412+00:00,684,494632,64x,300ms,15,38,1,4,12,17,22,28,54,25,10,4,116
2026-09-15T00:15:02.300285+00:00,685,495351,64x,300ms,15,38,1,4,12,17,22,25,43,20,9,3,96
2026-09-15T00:15:02.331502+00:00,686,496070,64x,300ms,15,38,1,0,1,3,26,25074,3932,2528,2112,2657,65535
2026-09-15T00:15:03.747607+00:00,687,496795,64x,300ms,15,38,1,2635,1235,13183,65535,30388,4772,3099,2616,3255,65535
2026-09-15T00:15:03.787276+00:00,688,497521,64x,300ms,15,38,1,316,146,1640,16971,6254,976,633,540,658,20553
2026-09-15T00:15:04.507517+00:00,689,498245,64x,300ms,15,38,0,1328,612,6898,65535,10438,1637,1053,890,1112,33979
2026-09-15T00:15:05.923589+00:00,690,498971,64x,300ms,15,38,0,615,283,3161,33729,25649,3988,2602,2225,2780,65535
2026-09-15T00:15:05.956368+00:00,691,499696,64x,300ms,15,38,0,1001,462,5132,54673,0,0,0,0,0,0
2026-09-15T00:15:06.683475+00:00,692,500418,64x,300ms,15,38,0,1154,532,5966,62819,17627,2714,1772,1523,1892,59983
2026-09-15T00:15:07.403720+00:00,693,501144,64x,300ms,15,38,0,609,281,3143,33028,22206,3420,2228,1913,2374,65535
2026-09-15T00:15:08.131632+00:00,694,501870,64x,300ms,15,38,1,1587,732,8247,65535,25563,3937,2569,2208,2737,65535
2026-09-15T00:15:08.857696+00:00,695,502596,64x,300ms,15,38,1,1586,732,8241,65535,25566,3936,2567,2208,2736,65535
2026-09-15T00:15:09.587308+00:00,696,503322,64x,300ms,15,38,1,1586,731,8240,65535,25571,3936,2568,2207,2736,65535
2026-09-15T00:15:10.307036+00:00,697,504048,64x,300ms,15,38,1,1584,732,8241,65535,25572,3934,2567,2207,2735,65535
2026-09-15T00:15:11.035848+00:00,698,504774,64x,300ms,15,38,1,1584,731,8238,65535,25571,3935,2566,2207,2735,65535
2026-09-15T00:15:11.795718+00:00,699,505535,32x,300ms,15,38,0,798,369,4167,43701,12907,1986,1299,1115,1381,43954
2026-09-15T00:15:12.527226+00:00,700,506260,32x,300ms,15,38,0,798,369,4168,43692,12908,1985,1298,1114,1380,43951
2026-09-15T00:15:13.278313+00:00,701,507021,32x,300ms,15,38,0,798,369,4166,43679,12909,1986,1298,1114,1380,43934
2026-09-15T00:15:14.733769+00:00,702,507781,16x,300ms,15,38,0,400,186,2095,21972,6481,997,653,559,694,22103
2026-09-15T00:15:15.446800+00:00,703,508504,16x,300ms,15,38,0,400,185,2095,21967,6481,997,653,559,694,22103
2026-09-15T00:15:16.167614+00:00,704,509227,16x,300ms,15,38,1,400,185,2094,21963,6481,997,653,559,694,22097
2026-09-15T00:15:16.895081+00:00,705,509949,16x,300ms,15,38,1,400,185,2094,21960,6480,996,652,559,694,22092
2026-09-15T00:15:17.614957+00:00,706,510672,16x,300ms,15,38,1,400,185,2093,21954,6479,996,652,559,693,22089
2026-09-15T00:15:18.335181+00:00,707,511395,16x,300ms,15,38,1,400,185,2093,21954,6478,996,652,559,693,22085
2026-09-15T00:15:19.063006+00:00,708,512118,16x,300ms,15,38,1,400,185,2093,21954,6479,996,652,559,693,22087
2026-09-15T00:15:19.783554+00:00,709,512841,16x,300ms,15,38,0,400,185,2093,21949,6479,996,652,559,693,22084
2026-09-15T00:15:20.502829+00:00,710,513566,16x,300ms,15,38,0,400,185,2092,21948,6478,996,652,559,693,22082
2026-09-15T00:15:21.226525+00:00,711,514288,16x,300ms,15,38,0,400,185,2092,21945,6478,996,652,558,693,22079
2026-09-15T00:15:21.954061+00:00,712,515012,16x,300ms,15,38,0,399,185,2091,21939,6475,995,652,558,693,22073
2026-09-15T00:15:22.675000+00:00,713,515737,16x,300ms,15,38,0,399,185,2091,21936,6476,995,652,558,693,22073
2026-09-15T00:15:23.394914+00:00,714,516458,16x,300ms,15,38,1,399,185,2091,21937,6475,995,652,558,693,22072
2026-09-15T00:15:24.115148+00:00,715,517181,16x,300ms,15,38,1,399,185,2090,21933,6475,995,652,558,693,22068
2026-09-15T00:15:24.837407+00:00,716,517903,16x,300ms,15,38,1,399,185,2090,21928,6474,995,652,558,693,22068
2026-09-15T00:15:25.564636+00:00,717,518625,16x,300ms,15,38,1,399,185,2090,21925,6473,995,652,558,693,22064
2026-09-15T00:15:26.293033+00:00,718,519346,16x,300ms,15,38,1,399,185,2090,21926,6474,995,652,558,692,22063
2026-09-15T00:15:27.013343+00:00,719,520071,16x,300ms,15,38,0,399,185,2090,21921,6474,995,651,558,692,22060
2026-09-15T00:15:27.732388+00:00,720,520795,16x,300ms,15,38,0,399,185,2089,21918,6471,995,651,558,692,22056
2026-09-15T00:15:28.452978+00:00,721,521518,16x,300ms,15,38,0,399,185,2089,21916,6471,995,651,558,692,22054
2026-09-15T00:15:29.180727+00:00,722,522241,16x,300ms,15,38,0,399,185,2088,21911,6471,995,651,558,692,22055
2026-09-15T00:15:29.900958+00:00,723,522964,16x,300ms,15,38,0,399,185,2089,21913,6469,994,651,558,692,22051
2026-09-15T00:15:30.619911+00:00,724,523686,16x,300ms,15,38,1,399,185,2088,21909,6470,994,651,558,692,22052
2026-09-15T00:15:31.349175+00:00,725,524409,16x,300ms,15,38,1,399,185,2088,21903,6468,994,651,558,692,22046
2026-09-15T00:15:32.068896+00:00,726,525133,16x,300ms,15,38,1,399,185,2087,21899,6467,994,651,557,692,22043
2026-09-15T00:15:32.808132+00:00,727,525856,16x,300ms,15,38,1,399,185,2087,21899,6467,994,651,558,692,22044
2026-09-15T00:15:33.521389+00:00,728,526579,16x,300ms,15,38,1,399,185,2087,21899,6467,994,651,557,692,22046
2026-09-15T00:15:34.240938+00:00,729,527303,16x,300ms,15,38,0,399,185,2087,21896,6466,994,651,557,692,22042
2026-09-15T00:15:34.961592+00:00,730,528028,16x,300ms,15,38,0,399,185,2087,21896,6465,994,651,557,692,22041
2026-09-15T00:15:35.682337+00:00,731,528750,16x,300ms,15,38,0,399,185,2087,21894,6466,994,651,557,692,22041
2026-09-15T00:15:36.410318+00:00,732,529474,16x,300ms,15,38,0,399,185,2086,21891,6465,994,651,557,692,22039
2026-09-15T00:15:37.131493+00:00,733,530197,16x,300ms,15,38,0,399,185,2086,21892,6464,994,651,557,691,22039
2026-09-15T00:15:37.852374+00:00,734,530922,16x,300ms,15,38,1,399,185,2086,21893,6464,994,651,557,691,22039
2026-09-15T00:15:38.580303+00:00,735,531644,16x,300ms,15,38,1,399,185,2086,21887,6463,994,651,557,691,22039
2026-09-15T00:15:39.303069+00:00,736,532367,16x,300ms,15,38,1,399,185,2086,21890,6464,994,651,557,691,22037
2026-09-15T00:15:40.023464+00:00,737,533090,16x,300ms,15,38,1,399,185,2086,21887,6463,994,651,557,691,22036
2026-09-15T00:15:40.744790+00:00,738,533812,16x,300ms,15,38,1,399,185,2086,21886,6463,993,651,557,691,22035
2026-09-15T00:15:41.465210+00:00,739,534534,16x,300ms,15,38,0,399,185,2086,21887,6463,993,651,557,691,22034
2026-09-15T00:15:42.193546+00:00,740,535257,16x,300ms,15,38,0,399,185,2086,21886,6462,993,650,557,691,22031
2026-09-15T00:15:42.915046+00:00,741,535980,16x,300ms,15,38,0,399,185,2085,21882,6461,993,650,557,691,22030
2026-09-15T00:15:43.635001+00:00,742,536702,16x,300ms,15,38,0,399,185,2085,21882,6461,993,650,557,691,22030
2026-09-15T00:15:44.363257+00:00,743,537427,16x,300ms,15,38,0,399,185,2085,21883,6461,993,650,557,691,22031
2026-09-15T00:15:45.082473+00:00,744,538152,16x,300ms,15,38,1,399,185,2085,21882,6461,993,650,557,691,22030
2026-09-15T00:15:45.802971+00:00,745,538875,16x,300ms,15,38,1,399,185,2085,21881,6460,993,650,557,691,22030
2026-09-15T00:15:46.523459+00:00,746,539596,16x,300ms,15,38,1,399,185,2085,21880,6459,993,650,557,691,22025
2026-09-15T00:15:47.251730+00:00,747,540319,16x,300ms,15,38,1,399,185,2085,21878,6459,993,650,557,691,22026
2026-09-15T00:15:47.971581+00:00,748,541041,16x,300ms,15,38,1,399,185,2085,21878,6460,993,650,557,691,22028
2026-09-15T00:15:48.699568+00:00,749,541764,16x,300ms,15,38,0,399,185,2085,21878,6460,993,650,557,691,22027
2026-09-15T00:15:49.418971+00:00,750,542488,16x,300ms,15,38,0,399,185,2085,21879,6460,993,650,557,691,22030
2026-09-15T00:15:50.139331+00:00,751,543212,16x,300ms,15,38,0,399,185,2085,21878,6459,993,650,557,691,22024
2026-09-15T00:15:50.863473+00:00,752,543935,16x,300ms,15,38,0,399,185,2084,21873,6459,993,650,557,691,22024
2026-09-15T00:15:51.591184+00:00,753,544657,16x,300ms,15,38,0,399,185,2084,21874,6459,993,650,557,691,22024
2026-09-15T00:15:52.311599+00:00,754,545380,16x,300ms,15,38,1,399,185,2085,21877,6460,993,650,557,691,22029
2026-09-15T00:15:53.023476+00:00,755,546104,16x,300ms,15,38,1,399,185,2085,21876,6459,993,650,557,691,22023
2026-09-15T00:15:53.751431+00:00,756,546827,16x,300ms,15,38,1,399,185,2084,21874,6459,993,650,557,691,22025
2026-09-15T00:15:54.463957+00:00,757,547548,16x,300ms,15,38,1,399,185,2084,21874,437,67,44,37,46,1507
2026-09-15T00:15:55.184094+00:00,758,548268,16x,300ms,15,38,1,186,87,969,10166,3766,579,375,319,396,12607
2026-09-15T00:15:55.903421+00:00,759,548989,16x,300ms,15,38,0,46,21,239,2502,1160,179,118,101,125,3985
2026-09-15T00:15:56.615548+00:00,760,549711,16x,300ms,15,38,0,0,0,0,0,0,0,0,0,0,0
2026-09-15T00:15:57.327880+00:00,761,550424,16x,300ms,15,38,0,0,0,0,0,0,0,0,0,0,0
2026-09-15T00:15:58.040090+00:00,762,551141,16x,300ms,15,38,0,0,0,0,0,1,1,1,0,0,2
2026-09-15T00:15:58.759633+00:00,763,551854,16x,300ms,15,38,0,1,2,3,3,3,6,4,1,0,11
2026-09-15T00:15:59.479424+00:00,764,552568,16x,300ms,15,38,1,1,1,2,2,3,6,3,2,0,11
2026-09-15T00:16:00.191279+00:00,765,553285,16x,300ms,15,38,1,1,1,2,2,3,6,3,2,0,10
2026-09-15T00:16:00.912202+00:00,766,554000,16x,300ms,15,38,1,3,8,10,11,270,258,258,87,66,793
2026-09-15T00:16:01.639706+00:00,767,554718,16x,300ms,15,38,1,36,102,127,127,353,264,336,106,76,797
2026-09-15T00:16:02.351283+00:00,768,555440,16x,300ms,15,38,1,35,109,125,139,345,277,322,103,72,763
2026-09-15T00:16:03.070999+00:00,769,556158,16x,300ms,15,38,0,39,118,142,138,344,283,344,126,68,620
2026-09-15T00:16:03.791254+00:00,770,556878,16x,300ms,15,38,0,35,102,129,127,269,228,324,96,61,671
2026-09-15T00:16:04.511256+00:00,771,557598,16x,300ms,15,38,0,19,65,68,80,127,73,120,54,54,408
2026-09-15T00:16:05.223384+00:00,772,558316,16x,300ms,15,38,0,18,48,59,58,127,69,122,58,67,454
2026-09-15T00:16:05.943749+00:00,773,559033,16x,300ms,15,38,0,14,35,47,42,111,58,107,51,65,419
2026-09-15T00:16:06.656158+00:00,774,559751,16x,300ms,15,38,1,14,32,45,38,102,53,98,47,63,391
2026-09-15T00:16:07.376006+00:00,775,560468,16x,300ms,15,38,1,7,18,24,27,21,12,12,5,2,23
2026-09-15T00:16:08.088421+00:00,776,561185,16x,300ms,15,38,1,2,3,4,13,20,9,8,3,2,17
2026-09-15T00:16:08.815429+00:00,777,561900,16x,300ms,15,38,1,5,13,16,32,152,110,168,58,40,409
2026-09-15T00:16:09.527514+00:00,778,562618,16x,300ms,15,38,1,35,99,126,132,238,269,231,86,57,717
2026-09-15T00:16:10.248179+00:00,779,563337,16x,300ms,15,38,0,155,483,593,526,1118,1193,862,314,57,600
2026-09-15T00:16:10.967260+00:00,780,564057,16x,300ms,15,38,0,103,407,389,438,1150,1096,934,301,62,744
2026-09-15T00:16:11.007763+00:00,781,564777,16x,300ms,15,38,0,189,476,609,637,1117,1128,832,307,58,639
2026-09-15T00:16:11.735788+00:00,782,565498,16x,300ms,15,38,0,203,485,648,658,1195,1423,1013,355,187,3177
2026-09-15T00:16:12.489759+00:00,783,566256,64x,300ms,15,38,0,836,1925,2550,2638,4263,5928,3683,1377,712,12566
2026-09-15T00:16:13.217431+00:00,784,566982,64x,300ms,15,38,1,822,1931,2549,2638,4455,5805,3789,1375,745,13297
2026-09-15T00:16:13.944899+00:00,785,567707,64x,300ms,15,38,1,815,1925,2554,2615,4432,5818,3780,1377,738,13148
2026-09-15T00:16:14.705577+00:00,786,568468,128x,300ms,15,38,1,1633,3857,5112,5262,8820,11685,7533,2776,1460,26355
2026-09-15T00:16:15.433373+00:00,787,569195,128x,300ms,15,38,1,1600,3846,5115,5209,8422,11934,7274,2754,1253,21574
2026-09-15T00:16:16.153167+00:00,788,569922,128x,300ms,15,38,1,1680,3833,5070,5352,9046,11265,7357,2659,842,12233
2026-09-15T00:16:16.881646+00:00,789,570648,128x,300ms,15,38,0,1365,3736,4330,4761,9049,10582,7046,2619,669,8516
2026-09-15T00:16:17.610501+00:00,790,571375,128x,300ms,15,38,0,1576,3834,4903,5108,9305,11292,7579,2720,930,14064
2026-09-15T00:16:18.338352+00:00,791,572101,128x,300ms,15,38,0,1639,3837,5031,5168,9404,11245,7689,2756,987,15090
2026-09-15T00:16:19.065334+00:00,792,572827,128x,300ms,15,38,0,1635,3842,5027,5172,9175,10694,7178,2644,709,9314
2026-09-15T00:16:20.473699+00:00,793,573553,128x,300ms,15,38,0,1608,3847,4968,5177,2735,3607,2555,942,472,7527
2026-09-15T00:16:21.193735+00:00,794,574278,128x,300ms,15,38,1,4,4,5,7,12,69,181,86,28,183
2026-09-15T00:16:21.913351+00:00,795,574999,128x,300ms,15,38,1,7,6,9,13,25,98,260,106,38,253
2026-09-15T00:16:22.634492+00:00,796,575721,128x,300ms,15,38,1,7,5,8,13,22,90,230,97,33,226
2026-09-15T00:16:23.361541+00:00,797,576442,128x,300ms,15,38,1,6,5,7,11,24,101,252,105,36,247
2026-09-15T00:16:23.393812+00:00,798,577164,128x,300ms,15,38,1,8,7,10,14,27,109,269,112,39,265
2026-09-15T00:16:24.114167+00:00,799,577886,128x,300ms,15,38,0,493,1285,1629,1625,10199,10630,7799,2651,1332,22161
2026-09-15T00:16:24.841884+00:00,800,578612,128x,300ms,15,38,0,1480,3624,4823,4905,9656,10922,7666,2739,1370,23541
2026-09-15T00:16:25.569881+00:00,801,579339,128x,300ms,15,38,0,1509,3657,4841,4902,9570,10806,7443,2740,1435,25006
2026-09-15T00:16:26.296895+00:00,802,580065,128x,300ms,15,38,0,1513,3659,4861,4884,9490,10792,7410,2745,1434,25218
2026-09-15T00:16:27.024836+00:00,803,580792,128x,300ms,15,38,0,1516,3651,4872,4888,9313,10796,7294,2743,1451,26089
2026-09-15T00:16:27.745639+00:00,804,581518,128x,300ms,15,38,1,1594,3724,4939,4965,8730,11531,7090,2728,1489,27668
2026-09-15T00:16:28.474376+00:00,805,582245,128x,300ms,15,38,1,1647,3811,5005,5234,8909,11429,7441,2746,1119,18867
2026-09-15T00:16:29.202071+00:00,806,582971,128x,300ms,15,38,1,477,1512,1800,1582,4535,1961,4032,876,1689,14093
2026-09-15T00:16:29.921968+00:00,807,583698,128x,300ms,15,38,1,365,952,1397,1132,4281,2046,3902,845,1609,13147
2026-09-15T00:16:30.649717+00:00,808,584424,128x,300ms,15,38,1,321,893,1287,1076,3924,1941,3402,814,1511,11715
2026-09-15T00:16:31.370431+00:00,809,585149,128x,300ms,15,38,0,307,886,1235,1057,3876,2038,3414,831,1485,11680
2026-09-15T00:16:32.097424+00:00,810,585874,128x,300ms,15,38,0,294,883,1188,1061,3718,2051,3253,834,1426,11105
2026-09-15T00:16:32.825345+00:00,811,586599,128x,300ms,15,38,0,285,882,1139,1060,3583,2054,3128,835,1366,10586
2026-09-15T00:16:33.545469+00:00,812,587324,128x,300ms,15,38,0,277,881,1096,1060,3474,2059,3034,837,1312,10131
2026-09-15T00:16:34.273612+00:00,813,588049,128x,300ms,15,38,0,273,883,1061,1061,3394,2064,2964,838,1266,9757
2026-09-15T00:16:35.001596+00:00,814,588774,128x,300ms,15,38,1,272,883,1033,1060,3326,2066,2907,838,1222,9413
2026-09-15T00:16:35.722161+00:00,815,589500,128x,300ms,15,38,1,271,883,1008,1061,3274,2071,2867,837,1184,9111
2026-09-15T00:16:36.449751+00:00,816,590225,128x,300ms,15,38,1,271,882,988,1061,3230,2072,2832,837,1146,8819
2026-09-15T00:16:37.865327+00:00,817,590950,128x,300ms,15,38,1,270,880,972,1061,3197,2074,2808,836,1115,8583
2026-09-15T00:16:38.585937+00:00,818,591676,128x,300ms,15,38,1,270,879,961,1061,3171,2076,2788,836,1089,8375
2026-09-15T00:16:38.625824+00:00,819,592402,128x,300ms,15,38,0,271,879,951,1061,3150,2077,2773,835,1065,8193
2026-09-15T00:16:39.346436+00:00,820,593126,128x,300ms,15,38,0,271,878,944,1061,3133,2077,2761,834,1044,8024
2026-09-15T00:16:40.762049+00:00,821,593850,128x,300ms,15,38,0,271,877,938,1061,3117,2078,2751,833,1026,7878
2026-09-15T00:16:41.481494+00:00,822,594574,128x,300ms,15,38,0,271,877,934,1061,3101,2076,2739,831,1007,7730
2026-09-15T00:16:42.209784+00:00,823,595297,128x,300ms,15,38,0,272,878,930,1062,3091,2077,2733,830,991,7610
2026-09-15T00:16:42.937850+00:00,824,596022,128x,300ms,15,38,1,272,877,926,1062,3081,2078,2728,829,975,7491
2026-09-15T00:16:43.658075+00:00,825,596747,128x,300ms,15,38,1,272,877,923,1061,3071,2078,2723,828,960,7387
2026-09-15T00:16:44.385691+00:00,826,597472,128x,300ms,15,38,1,272,876,921,1061,3063,2078,2720,826,947,7291
2026-09-15T00:16:45.106392+00:00,827,598197,128x,300ms,15,38,1,271,875,918,1062,3056,2079,2717,826,937,7206
2026-09-15T00:16:45.833034+00:00,828,598922,128x,300ms,15,38,1,272,875,917,1060,3051,2081,2716,824,925,7132
2026-09-15T00:16:46.553845+00:00,829,599647,128x,300ms,15,38,0,272,874,915,1060,3045,2083,2714,824,915,7054
2026-09-15T00:16:47.278354+00:00,830,600371,128x,300ms,15,38,0,271,873,913,1060,3040,2083,2714,823,903,6986
2026-09-15T00:16:48.002227+00:00,831,601096,128x,300ms,15,38,0,271,872,912,1060,3032,2082,2710,822,896,6924
2026-09-15T00:16:48.735856+00:00,832,601820,128x,300ms,15,38,0,270,867,905,1054,3008,2066,2695,817,882,6822
2026-09-15T00:16:49.449492+00:00,833,602545,128x,300ms,15,38,0,268,861,898,1047,2573,1696,2254,714,827,6006
2026-09-15T00:16:50.177266+00:00,834,603269,128x,300ms,15,38,1,178,562,577,678,2034,1357,1799,564,649,5340
2026-09-15T00:16:50.897495+00:00,835,603994,128x,300ms,15,38,1,144,498,621,624,1832,1486,1831,573,469,4225
2026-09-15T00:16:51.627164+00:00,836,604719,128x,300ms,15,38,1,177,585,737,797,2070,1766,2131,659,472,4439
2026-09-15T00:16:52.347275+00:00,837,605443,128x,300ms,15,38,1,194,631,793,862,2070,1769,2123,658,469,4447
2026-09-15T00:16:53.067918+00:00,838,606168,128x,300ms,15,38,1,189,615,778,834,1997,1729,1944,606,463,4303
2026-09-15T00:16:53.796222+00:00,839,606893,128x,300ms,15,38,0,185,602,765,808,1998,1730,1946,606,461,4307
2026-09-15T00:16:54.515225+00:00,840,607617,128x,300ms,15,38,0,185,601,765,808,1999,1730,1946,606,461,4309
2026-09-15T00:16:55.243316+00:00,841,608340,128x,300ms,15,38,0,185,600,764,807,1998,1728,1944,607,458,4308
2026-09-15T00:16:55.971470+00:00,842,609064,128x,300ms,15,38,0,185,600,764,806,1982,1712,1926,601,455,4292
